"","sample","pcrid","group","subgroup","Edit.tag.plate","plate","well","ftag","rtag","band","vol","Zotu1_Pasteuria.penetrans","Zotu3_Pasteuria.hartismeri","Zotu4_Pasteuria.hartismeri","Zotu5_Pasteuria.luffness","Zotu6_Pasteuria.hartismeri","Zotu7_Pasteuria","Zotu9_Pasteuria.luffness","Zotu11_Pasteuria.luffness","Zotu13_Pasteuria","Zotu17_Pasteuria.goettingianae","Zotu19_Pasteuria.Plectid.infective","Zotu22_Pasteuria.penetrans","Zotu23_Pasteuria.Plectid.infective","Zotu26_Pasteuria.penetrans","Zotu27_Pasteuria.goettingianae","Zotu32_Pasteuria.Plectid.infective","Zotu33_Pasteuria.aldrichii","Zotu34_Pasteuria.goettingianae","Zotu35_Pasteuria.goettingianae","Zotu37_Pasteuria.goettingianae","Zotu38_Pasteuria.goettingianae","Zotu40_Pasteuria.nishizawae","Zotu42_Pasteuria.goettingianae","Zotu43_Pasteuria.luffness","Zotu45_Pasteuria.hartismeri","Zotu48_Pasteuria.goettingianae","Zotu55_Pasteuria.penetrans","Zotu62_Pasteuria.penetrans","Zotu66_Pasteuria.luffness","Zotu67_Pasteuria.penetrans","Zotu70_Pasteuria.goettingianae","Zotu71_Pasteuria.nishizawae","Zotu73_Pasteuria.goettingianae","Zotu155_Pasteuria.hartismeri","Zotu159_Pasteuria.hartismeri","PROFILE.CATEGORY","SITE.NAME","OBSERVATION.NO","VARIABILITY.PIT.TYPE","SURVEYOR","PROFILE.ID","NGR","PROFILE.DATE","Year","Month","EASTING","NORTHING","ALTITUDE","SLOPE","SLOPE.FORM","SLOPE.TYPE","BEARING","VEGETATION","FLUSHING","SITE.DRAINAGE","MAX.ROOT.DEPTH","ASSOC.SYMB","SERIES.SYMB","SERIES.CODE","MSG","MSSG","GLEY.SG","SOIL.DRAINAGE","PARENT.MATERIAL","ROCKINESS","BOULDERINESS","EROSION.TYPE","PIT.BASE","HORZ.ID","FIELD.HORZ","Horizon","subhorizon","RECORD.TYPE","DBD.AVG.FINE.EARTH.ONLY","MOIST.LOSS.105C","LOI.450C","LOI.900C","CARBON","NITROGEN","PH.H20","PH.CACL2","EXCH.CA","EXCH.MG","EXCH.NA","EXCH.K","EXCH.MN","EXCH.FE","EXCH.AL","EXCH.H","BASE.SAT","TOTAL.P","OXAL.ALUMINIUM","OXAL.IRON","OXAL.MANGANESE","OXAL.PHOSPHORUS","OXAL.SILICON","AQR.SILVER","AQR.ARSENIC","AQR.BARIUM","AQR.CADMIUM","AQR.COBALT","AQR.CHROMIUM","AQR.COPPER","AQR.MERCURY","AQR.MOLYBDENUM","AQR.NICKEL","AQR.LEAD","AQR.PLATINUM","AQR.SELENIUM","AQR.STRONTIUM","AQR.ZINC","AQR.ALUMINIUM","AQR.BORON","AQR.CALCIUM","AQR.IRON","AQR.POTASSIUM","AQR.MAGNESIUM","AQR.MANGANESE","AQR.SODIUM","AQR.PHOSPHORUS","AQR.SULPHUR","AQR.TITANIUM","FIELD.MOISTURE.105.DISH.WEIGHT","FIELD.MOISTURE.105.DISH.PLUS.WET.SOIL","FIELD.MOISTURE.105.DISH.PLUS.DRY.SOIL","FIELD.MOISTURE.105.DWT.PCENT","FIELD.MOISTURE.105","PICO.GREEN.DNA"
"2","1018752","608","NSIS",NA,"7","NSIS 1","8H","CCATAC","TCAAGC",2,10,0,0,13,44,0,1,0,0,0,0,12,4,0,0,0,0,0,0,0,0,0,0,0,8,7,0,0,0,0,0,0,0,0,0,0,"RARE_SOIL","HOUGH","V9","16m_East","JSBE","15009","NL9450546710","15042010","2010","April",94505,746710,30,2,"ST","SI",168,"FS1","NO","NOR",1,NA,NA,"230","REG","CALC","CALC","F","AEOL","NO","NO","NO","RK","28190","Ah","A","h","MIN",0.659714286,2.57,12.63836516,7.07,13.0828716,0.7232206,7.48,7.07,46.27286163,1.78687424,0.40657965,0.31200865,0.04495052,-0.01522216,0.02603335,0.03,NA,596.9612276,NA,NA,NA,NA,NA,0.02,5.52,19.04,0.15,1.45,5.09,3.71,0.12,0.36,8.87,9.43,-0.005,0.34,1702,17.02,1648,18.55,215600,2598,351.8,3088,81.47,2528,730,1902,147.1,42.8,48.64,47,71.91,28.08,34.03581551
"3","1018753","607","NSIS",NA,"7","NSIS 1","8G","CCATAC","TTCTGC",2,10,1,913,1,0,0,0,0,0,0,0,0,103,0,0,0,0,317,0,0,0,0,0,0,0,0,0,0,0,0,0,0,0,0,5,10,"RARE_SOIL","HOUGH","V12","16m_North","JSBE","15010","NL9448946726","15042010","2010","April",94489,746726,30,2,"ST","SI",168,"FS1","NO","NOR",1,NA,NA,"230","REG","CALC","CALC","F","AEOL","NO","NO","NO","RK","28192","Ah","A","h","MIN",0.829203208,2.44,11.54634106,7.14,13.0394861,0.6389892,7.43,7.14,44.12270075,1.63313809,0.39537399,0.27174996,0.03993384,-0.02038706,0.01715694,1.045841371,NA,639.2144626,NA,NA,NA,NA,NA,0.02,5.26,18.63,0.17,1.58,4.5,3.44,0.06,0.26,8.76,8.53,-0.01,0.37,1677,11.96,1464,16.63,211900,2439,330.2,3360,78.75,2628,659.2,2111,170,44,49.72,48.34,75.87,24.12,38.25308345
"4","1018761","614","NSIS",NA,"7","NSIS 1","9F","CCTGTA","ACCATC",2,10,0,1,0,63,0,125,1,12,6,0,1,580,0,325,0,0,0,0,0,1,0,0,0,0,1,0,0,0,0,137,0,0,31,4,2,"RARE_SOIL","HOUGH","V6","4m_West","JSBE","15004","NL9411547061","16042010","2010","April",94115,747061,30,2,"ST","SI",168,"AA2","NO","NOR",1,NA,NA,"230","REG","CALC","CALC","F","AEOL","NO","NO","NO","RK","28170","Ah","A","h","MIN",0.705238095,1.14,6.611874387,7.21,11.1084673,0.3333659,7.58,7.21,35.13518939,2.97037194,0.48017834,0.24697852,0.02724198,0.01048115,0.00913656,0.03,NA,446.6289417,NA,NA,NA,NA,NA,0.03,5.06,18.31,0.11,1.58,6,2.4,-0.08,0.15,8.92,3.44,NA,0.2,1833,11.98,1458,16.59,246000,2517,352.2,4706,69.71,3370,437.1,2127,181.6,43.68,49.16,48.29,84.12,15.87,39.43130233
"6","1018763","611","NSIS",NA,"7","NSIS 1","9C","CCTGTA","CACTTC",2,10,4,135,209,66,0,0,0,0,4,17,48,84,0,96,0,0,0,0,0,0,0,0,0,64,0,0,0,0,0,0,0,0,0,10,4,"RARE_SOIL","HOUGH","V11","8m_North","JSBE","15006","NL9411947069","16042010","2010","April",94119,747069,30,2,"ST","SI",168,"FS1","NO","NOR",1,NA,NA,"230","REG","CALC","CALC","F","AEOL","NO","NO","NO","RK","28178","Ah","A","h","MIN",0.710761905,2.95,14.03876986,7.02,13.01361,0.6574472,7.35,7.02,42.92995229,2.09984286,0.62528176,0.16454851,0.01643587,0.01065968,0.01018646,0.03,NA,578.7784993,NA,NA,NA,NA,NA,0.02,5.55,19.18,0.16,1.75,6.13,3.47,0.09,0.31,8.54,9.12,0.001,0.37,1922,12.84,1488,21.5,240800,2632,367.3,2773,75.85,2628,536.1,1946,165.4,41.03,46.41,44.31,60.96,39.03,30.76006834
"8","926250","575","NSIS",NA,"6","NSIS 1","4G","CAAGCA","TTCTGC",2,10,0,212,336,29,26,4,0,0,0,0,0,0,0,0,0,0,0,0,0,0,0,50,0,0,0,0,0,0,0,0,0,0,0,15,24,"20KM_GRID","CRAIGTON ROW","V0","MainPit","JSBE","13975","NX8005060017","18032008","2008","March",280050,560017,100,2,"ST","SI",150," A1A","NO","REC",32,"ER","LP","19011","EART","BROW","BROW","M","TILL","NO","NO","NO","FL","25541","A","A",NA,"MIN",0.455174188,6.076265146,30.75950168,5.58,13.6243057,1.1894907,5.48,5.58,21.89409176,2.25999467,0.35970463,1.39910512,0.2138673,0.04418387,0.26421035,11.56411379,69.14344608,2512.725307,5756.60066,5024.669967,155.4455446,1258.622112,797.4834983,0.052547953,12.25994688,57.44022007,0.696309619,7.889379624,65.69159552,16.06090305,-0.161407551,-0.403678581,36.5030203,53.22935686,-0.006334927,0.639348511,26.52151774,103.7011573,24530.54069,48.93864162,6696.922785,23673.46234,1893.557579,9757.916904,350.5503699,223.2662493,2094.784671,1861.084424,893.8102827,8.4,14.41,10.94,42.26,57.73,116.3491822
"10","926316","596","NSIS",NA,"7","NSIS 1","7D","CAGTTG","GAAGTC",2,10,6,247,2,38,47,22,4,1,3,2,26,0,0,12,0,0,0,0,0,0,0,0,0,0,0,0,0,0,0,0,0,0,0,12,14,"20KM_GRID","CHANLOCK 84","V0","MainPit","JSBE","13947","NS7998900013","24032008","2008","March",279989,600013,223,14,"ST","SI",190," N3C","NO","SH",36,"ER","LP","19011","EART","BROW","BROW","F","MOR","SL","NO","NO","ARRO","25422","Ah1","A","h","MIN",0.611994466,4.541200493,22.78125627,5.03,10.5744836,0.9029902,5.5,5.03,12.47980315,2.21958655,0.24895584,0.65476779,0.22532011,0.04592484,0.14873641,16.53846687,48.54494779,3162.60516,4470.559211,8225.246711,683.3881579,1899.876645,311.3075658,0.771247709,12.76026466,76.3425724,0.547017476,10.96120814,50.15978169,21.93806025,0.015002567,-0.498990489,38.0148465,78.63702129,-0.085520368,0.226733268,31.33487142,96.26256055,21025.49535,50.48309039,3900.041659,31470.45249,2447.238335,8270.445343,948.024567,141.4214866,2622.450796,1172.776266,205.6139091,10.33,17.2,14,53.42,46.57,63.70087873
"11","926380","598","NSIS",NA,"7","NSIS 1","7F","CAGTTG","ACCATC",2,10,0,0,2,0,0,0,204,0,44,1,1,20,0,0,0,0,0,1,0,0,0,0,0,0,0,0,0,0,0,0,0,0,62,0,0,"20KM_GRID","WORMSCLEUCH","V0","MainPit","AL","13979","NY5996299963","28032008","2008","March",359962,599963,285,4,"ST","SI",306," Y3B","NO","NOR",52,"ER","ER","19006","GLEY","PTY","S","P","TILL","NO","NO","NO","ARRO","25559","Ha","H","a","ORG",0.239343591,11.09836195,64.32863056,66.00204727,32.2900386,2.1820247,3.63,2.99,0.21359412,1.03746457,0.63105343,0.55671352,0.00488234,0.11611896,0.26754676,62.055197,3.781475461,2368.506641,3289.752066,3424.876033,8.429752066,671.6115702,-8.47107438,0.55833102,6.634117244,25.75637458,0.374467411,2.445253408,12.02185137,11.44727759,-0.123533362,-0.495017409,6.635222193,163.0905572,0.071446039,2.745799692,3.499375302,16.94992647,10586.52187,26.57403726,243.972866,7373.328509,1646.374866,902.4123173,18.49685587,262.8675037,2302.714913,3533.628739,85.72198797,8.66,13.63,10.05,27.96,72.03,50.79853223
"15","926563","582","NSIS",NA,"7","NSIS 1","5F","CACAGT","ACCATC",2,10,0,225,0,0,0,103,0,0,15,0,0,0,0,0,0,0,0,0,0,0,81,0,11,0,0,0,0,2,0,0,0,0,0,1,25,"20KM_GRID","WOOD OF AUCHLEAND","V0","MainPit","AJN","13970","NX4004060034","16042008","2008","April",240040,560034,25,0,"ST","SI",NA," Y3B","NO","REC",41,"PT","PT","60611","PEAT","BPT","ME","P","ORG","NO","NO","NO","ARRO","25521","Oa1","O","a","ORG",0.314003539,10.75932203,53.38068829,3.48,27.5268124,1.6012,3.92,3.48,0.32387752,0.26928738,0.11382834,0.29062104,0.00859417,0.28634729,1.81286255,64.81105531,1.515931391,2713.650188,11338.57616,5453.559603,9.437086093,1603.021523,77.19370861,0.7821425,7.624765604,28.57741921,0.236103648,1.855902785,34.75252414,35.24136321,0.123333534,-0.191714814,11.48490854,46.27676457,-0.078776134,2.378454886,2.612760506,18.7500684,27436.79473,20.70542465,296.0566689,15457.42828,1406.395601,2807.172363,63.88620849,70.01074387,2164.938974,4109.619427,231.83333,8.5,12.43,9.82,33.58,66.41,133.1013809
"17","926740","587","NSIS",NA,"7","NSIS 1","6C","CAGGAT","CACTTC",3,5,0,268,719,2,0,12,22,1,4,21,0,184,0,1,0,0,0,0,0,0,0,0,16,291,168,0,0,0,0,0,0,0,0,4,5,"20KM_GRID","WHELPHILL","V0","MainPit","JSBE","13952","NT0002919960","12052008","2008","May",300029,619960,430,10,"CC","COM",358,"CU1B","NO","NOR",32,"ER","DO","19033","PODZ",NA,"PTYGLY","P","TILL","NO","NO","GU","ARRO","25442","Os","O","s","ORG",0.179878485,11.34711242,84.65064642,3.05,44.3082253,2.3799439,3.74,3.05,2.01202356,3.3371495,0.67384019,1.21498792,0.06162577,0.04020712,0.1266544,70.41870702,9.320509893,1899.141544,2348.831169,1773.738636,4.355519481,439.6103896,-41.36363636,0.397574711,8.845588599,38.16447992,0.658623344,2.170731001,8.476508238,13.64138965,-0.10815513,-0.572579381,8.111915176,242.8750706,0.068173293,2.012553703,10.8895534,53.3315513,5481.236005,13.17022323,903.1811517,3012.099606,1028.601165,755.5490072,44.69350029,239.6217787,1873.447427,4626.405502,47.39709808,10.37,16.22,11.53,19.82,80.17,368.9516395
"18","926753","588","NSIS",NA,"7","NSIS 1","6D","CAGGAT","GAAGTC",2,10,1,1,1,0,0,0,344,167,21,54,0,0,0,0,0,0,0,0,16,336,0,0,177,0,0,0,0,0,0,0,0,0,13,0,0,"20KM_GRID","FOREST OF AE","V0","MainPit","JSBE","13951","NT0002700043","13052008","2008","May",300027,600043,475,6,"CX","SI",94,"ES1A","NO","NOR",69,"PT","PT","60662","PEAT","HPT","DYST","VP","ORG","NO","NO","NO","RK","25436","LF","LF",NA,"ORG",0.061217166,10.65714663,96.21133639,3.01,44.7325633,1.793262,3.81,3.01,4.38860033,6.59197505,1.37543889,0.94332773,0.03707998,0.1180971,0.04859716,81.37777936,14.04704939,762.7901326,382.822186,2191.554649,27.54539967,174.5513866,-32.70799347,1.770272978,6.972186229,33.91634105,2.347028581,3.103811944,4.995214712,16.39141646,0.239147988,1.116838884,6.495446049,232.1469084,0.487075107,2.09476746,23.80367055,72.72232497,961.8149795,-3.197159672,1167.957878,3082.697577,541.7502051,929.6989161,-6.754374865,366.2787028,1036.493162,3276.060727,-4.34733703,41.07,45.89,41.43,7.46,92.53,564.9165913
"19","926769","571","NSIS",NA,"6","NSIS 1","4C","CAAGCA","CACTTC",1,10,1,0,2,0,0,0,55,0,0,0,1,0,0,0,0,0,0,0,0,0,0,0,0,0,0,0,0,0,0,0,0,0,0,0,0,"20KM_GRID","BLACK RIG","V1","16m_South","JSBE","14282","NT2000419964","15052008","2008","May",320004,619964,491,8,"ST","SI",346,"ES1A","NO","NOR",1,"PT","PT","60662","PEAT","DYST","DYST","VP","ORG","NO","NO","NO","WRK","26024","Os1","O","s","ORG",0.107142857,10.57,96.27457514,2.88,48.3706241,1.7669892,3.36,2.88,NA,NA,NA,NA,NA,NA,NA,NA,NA,NA,NA,NA,NA,NA,NA,NA,NA,NA,NA,NA,NA,NA,NA,NA,NA,NA,NA,NA,NA,NA,NA,NA,NA,NA,NA,NA,NA,NA,NA,NA,NA,8.46,17.57,9.29,9.11,90.88,229.1085691
"22","926825","603","NSIS",NA,"7","NSIS 1","8C","CCATAC","CACTTC",2,10,5,8,2248,91,0,8,5,0,139,0,0,0,0,0,0,0,1,0,0,0,212,0,0,0,0,0,0,87,0,0,0,0,0,15,2,"20KM_GRID","RHUM","V0","MainPit","AJN","13914","NM4002499988","21052008","2008","May",140024,799988,25,5,"ST","SI",198," M2","NO","NOR",54,"GJ",NA,"271","PODZ",NA,"H_IRON","M","RBCH","NO","NO","NO","ARRO","25285","Aph","A","ph","MIN",0.811443931,2.940172399,13.72169708,4.19,7.6596304,0.5812486,4.81,4.19,0.95915227,1.00546226,0.27201329,0.22865245,0.04330061,0.03109751,0.43425888,16.32984486,13.11659408,1046.03865,4150.660066,4497.442244,30.69306931,569.5132013,182.4339934,-0.010906667,13.61007333,24.23244351,0.173266106,3.311801739,55.77390474,8.275627571,-0.205262443,-0.687998769,17.04231362,106.5855344,-0.009299097,1.137704952,8.797700266,25.11634876,14349.24556,22.08729332,744.3412681,12943.26761,678.6945035,2120.85571,97.79817217,173.8347003,690.5832876,972.2957815,634.2407889,8.57,14.99,12.86,66.82,33.17,56.48079353
"25","926839","573","NSIS",NA,"6","NSIS 1","4E","CAAGCA","TAGCTC",2,10,0,0,1,1,0,0,0,599,0,0,0,0,0,0,0,0,0,0,0,0,0,0,0,0,0,0,0,0,0,0,0,0,0,1,0,"20KM_GRID","JURA","V5","8m_West","AJN","14440","NR5999480012","25052008","2008","May",159994,680012,90,25,"CX","COM",125," Y3B","NO","SH",1,"FD",NA,"225","RANK",NA,"PODZ",NA,NA,NA,NA,NA,NA,"25749","H","H",NA,"ORG",0,8.27,59.55158704,3.29,32.1193479,1.3045263,3.78,3.29,NA,NA,NA,NA,NA,NA,NA,NA,NA,NA,NA,NA,NA,NA,NA,NA,NA,NA,NA,NA,NA,NA,NA,NA,NA,NA,NA,NA,NA,NA,NA,NA,NA,NA,NA,NA,NA,NA,NA,NA,NA,10.2,14.85,12.16,42.15,57.84,124.4541036
"34","968531","621","NSIS",NA,"7","NSIS 1","10E","CGATCT","TAGCTC",2,10,1,1,1,0,0,0,191,47,3,58,29,0,0,0,0,0,0,0,10,0,0,0,0,0,0,0,0,0,0,0,0,0,0,0,0,"20KM_GRID","SALLACHY","V8","8m_East","AJN","14748","NC4003720014","24032009","2009","March",240037,920014,420,8,"ST","COM",45,"ES1F","NO","NOR",1,"PT","PT","60661","GLEY","DYST","PTY",NA,NA,NA,NA,NA,NA,"27214","Of","O","f","ORG",0.09299639,11.88,95.50317053,3.32,46.8495766,1.3221684,3.97,3.32,NA,NA,NA,NA,NA,NA,NA,NA,NA,NA,NA,NA,NA,NA,NA,NA,NA,NA,NA,NA,NA,NA,NA,NA,NA,NA,NA,NA,NA,NA,NA,NA,NA,NA,NA,NA,NA,NA,NA,NA,NA,10.35,21.51,11.74,12.45,87.54,153.5496041
"35","968538","651","NSIS",NA,"7","NSIS 2","2C","CTTGCT","CACTTC",1,10,17,5,6,6,0,0,4,3,0,0,0,0,0,1,0,0,0,0,0,1,0,0,0,0,0,0,0,0,0,0,0,0,0,0,1,"20KM_GRID","SALLACHY","V0","MainPit","AJN","14629","NC4002920014","24032009","2009","March",240029,920014,420,8,"ST","COM",45,"ES1A","NO","NOR",46,"PT","PT","60661","PEAT","DYST",NA,"VP","ORG","SL","NO","GU","RK","26825","Oa","O","a","ORG",0.157857143,17.9928454,96.79713904,96.93861511,52.9415893,1.019244,3.83,3.21,6.30466747,14.84918877,1.62582486,0.21877314,0.00119932,0.00319279,0.01891835,128.5040812,15.1802438,215.8199626,1493.301625,941.648125,-39.65725625,31.7625,156.2,0.077185598,0.600508339,32.0774481,0.172565467,4.182002915,3.004368431,2.830219795,-0.321626957,-1.214412728,3.543863856,3.059170449,0.295200206,3.417210303,81.76461145,5.253686831,2598.833495,-4.233151466,3113.972468,1115.281966,116.0584967,2391.803647,-26.42675109,402.2468151,64.09400507,3234.536908,109.1899771,41.55,46.39,42.18,13.01,86.98,75.7124779
"37","968549","623","NSIS",NA,"7","NSIS 1","10G","CGATCT","TTCTGC",2,10,0,393,1,118,0,0,0,0,6,0,0,0,0,0,0,0,0,0,0,0,0,0,0,1,0,0,0,0,0,0,0,0,0,1,1,"20KM_GRID","BRAE&OAPE","V1","16m_South","AJN","14742","NH3999599976","26032009","2009","March",239995,899976,30,9,"ST","SI",300," Y3B","NO","NOR",1,"AK","AB","2612","EART",NA,"BROW",NA,NA,NA,NA,NA,NA,"27191","A","A",NA,"MIN",0.478943348,2.15,10.77968227,3.63,6.2843264,0.3790839,4.29,3.63,NA,NA,NA,NA,NA,NA,NA,NA,NA,NA,NA,NA,NA,NA,NA,NA,NA,NA,NA,NA,NA,NA,NA,NA,NA,NA,NA,NA,NA,NA,NA,NA,NA,NA,NA,NA,NA,NA,NA,NA,NA,10.25,21.17,17.79,69.04,30.95,29.55749547
"38","968551","619","NSIS",NA,"7","NSIS 1","10C","CGATCT","CACTTC",2,10,2,579,3,0,0,0,79,31,20,0,43,0,0,0,0,0,0,0,0,0,0,0,0,3,14,0,0,10,103,0,7,0,0,5,7,"20KM_GRID","BRAE&OAPE","V8","8m_East","AJN","14744","NH4000399992","26032009","2009","March",240003,899992,30,9,"ST","SI",300," Y3B","NO","NOR",1,"AK","AB","2612","EART",NA,"BROW",NA,NA,NA,NA,NA,NA,"27201","A","A",NA,"MIN",0.934047115,1.76,6.704336443,3.86,4.2617624,0.2855484,4.47,3.86,NA,NA,NA,NA,NA,NA,NA,NA,NA,NA,NA,NA,NA,NA,NA,NA,NA,NA,NA,NA,NA,NA,NA,NA,NA,NA,NA,NA,NA,NA,NA,NA,NA,NA,NA,NA,NA,NA,NA,NA,NA,8.39,17.91,14.63,65.54,34.45,46.23365872
"40","968578","652","NSIS",NA,"7","NSIS 2","2D","CTTGCT","GAAGTC",1,10,28,2,10,3,2,0,6,1,1,0,0,0,0,0,0,0,0,0,1,2,0,0,0,0,0,0,0,0,0,0,0,0,0,0,0,"20KM_GRID","STRATHRANNOCH","V0","MainPit","AJN","14631","NH4002580000","1042009","2009","April",240025,880000,500,2,"ST","SI",60,"SF1","NO","NOR",28,"PT","PT","60662","PEAT","DYST",NA,"VP","ORG","NO","NO","GU","FL","26967","Os","O","s","ORG",0.078539683,13.07,96.7910119,96.90116023,46.3763957,1.3242404,3.72,3.13,7.36936719,12.8684113,1.98536188,0.45353297,0.00449846,0.01070555,0.01581113,82.0399061,21.65528464,537.001433,535.1660773,1505.080387,18.67277344,28.43338816,-226.5296053,1.046691859,2.350981494,17.66679941,0.482708847,4.371356215,3.634378618,2.834264311,-0.00814234,0.50394574,3.1453561,25.18580761,0.775204005,1.799970206,47.1229445,15.29056323,1465.919613,12.67325962,2200.60133,2018.078841,265.4037702,1619.743598,0.069909557,483.0532288,452.632814,2438.224948,133.3906492,42.62,47.45,42.87,5.17,94.82,281.3015773
"41","968587","629","NSIS",NA,"7","NSIS 1","11E","CGTAGA","TAGCTC",2,10,0,1,3,0,0,0,1,0,0,474,6,0,1,0,0,787,0,0,85,4,0,0,0,0,0,281,0,0,0,0,0,0,0,0,0,"20KM_GRID","DALGANACHAN","V0","MainPit","GH","14631","NC9998639982","31032009","2009","March",299986,939982,162,1,"ST","SI",160,"ES1A","NO","NOR",29,"PT","PT","60660","PEAT","HPT","DYST","VP","ORG","NO","NO","NO","ARRO","26861","Os","O","s","ORG",0.107777778,14.26,96.35419372,3.27,47.1521961,1.4609833,3.95,3.27,5.79478336,15.88336904,2.2489245,0.70642946,0.01104281,0.00517979,0.01007097,85.21709498,22.42455304,348.7149037,332.3700247,620.8698602,6.259286595,85.86759868,126.2664474,0.138952527,5.101908528,18.64337925,0.73956726,3.907894352,3.843887744,6.065498916,-0.207032283,-0.983374249,3.374893871,56.72149217,0.301878438,1.866665438,48.2144321,43.17536642,531.3712212,6.990685339,2466.000039,98.33742487,362.7429033,2187.862234,-11.50024181,548.2456906,171.1885822,3551.78486,10.84970192,42.28,47.19,42.72,8.96,91.03,206.0615471
"42","968597","630","NSIS",NA,"7","NSIS 1","11F","CGTAGA","ACCATC",2,10,2,1,5,1,295,1,0,0,10,0,0,0,0,0,0,1,0,1,0,0,0,401,0,0,0,0,0,0,0,0,0,0,0,10,14,"20KM_GRID","CORSBACK","V0","MainPit","GH","14635","ND2000060000","2042009","2009","April",320000,960000,30,1,"ST","SI",310," A1B","NO","NOR",27,"TH","TH","76917","GLEY",NA,"N_CAL","P","TILL","NO","NO","NO","ARRO","26878","Ap","A","p","MIN",1.285185661,1.68,5.13935758,4.85,2.2405073,0.2194191,5.37,4.85,4.55800108,1.25883837,0.1538843,0.109916,0.02409219,0.00545294,0.02054986,5.440348798,52.77880214,912.3326308,1485.148168,4666.268526,172.3707594,411.7060261,202.3778502,0.587893989,14.37243423,142.6582133,0.373754365,11.92033754,49.78822414,19.73354004,0.027587357,1.827649708,34.48673463,22.04856301,0.363803828,0.966115943,19.48985342,82.34577297,14651.65849,32.6337009,2084.028348,20225.9901,1616.454631,5371.25942,273.6905438,158.4978441,763.0437532,352.1779452,411.4242566,8.47,18.83,16.31,75.67,24.32,36.92915099
"43","968630","632","NSIS",NA,"7","NSIS 1","11H","CGTAGA","TCAAGC",1,10,0,0,2,0,0,0,417,625,0,0,0,0,0,0,103,0,0,0,2,0,0,0,0,0,0,0,0,0,0,0,0,0,0,0,0,"20KM_GRID","ALLT AN LAGAIN","V0","MainPit","JSBE","14638","NC4000559995","8042009","2009","April",240005,959995,228,5,"CX","COM",344,"CU1D","NO","NOR",21,"DH","DB","15641","RANK",NA,"PTY","P","RES","SL","VB","W","BL","26830","Os","O","s","ORG",0.130592959,11.76743854,91.9241829,3.44,45.4299481,1.8863057,3.7,3.44,4.39149909,10.89039851,2.05736437,1.08216296,0.00378619,0.0056856,0.01314847,61.2500029,23.12174569,610.474383,610.0996324,753.5765931,-36.91887868,116.4338235,161.9607843,0.122139924,2.515969855,21.25347242,0.33985293,3.275826522,3.847689022,5.234568154,-0.025621241,-0.25609984,3.03942667,31.41866606,0.273773543,2.880701055,36.07912029,24.43924185,1448.793379,0.773140088,1751.610333,768.5246621,650.2121647,1644.667543,-20.93827262,608.2230481,520.5299601,2885.203909,214.8987227,10.27,16.55,11.16,14.17,85.82,139.6684708
"44","968639","669","NSIS",NA,"7","NSIS 2","4E","GACTTC","TAGCTC",2,10,0,0,0,0,0,0,17,10,9,1,21,0,30,0,0,1,0,0,5,1,0,0,8,0,0,0,0,0,0,0,0,0,3,0,0,"20KM_GRID","SAIL NAN AIGHEAN","V0","MainPit","JSBE","14640","NC4010740041","9042009","2009","April",240107,940041,540,16,"CX","COM",124,"SF1","NO","NOR",48,"PT","PT","60661","PEAT","HPT","DYST","VP","ORG","SL","SL","NO","RK","26827","Os","O","s","ORG",0.12922632,12.65,94.4577046,3.15,46.3636158,1.6910982,3.86,3.15,3.92884601,15.26368693,1.75183798,0.83646502,0.00391342,0.00530845,0.01087366,86.99499932,20.02359797,823.1574668,564.4792289,750.8936567,3.823625622,121.6542289,93.9800995,0.511848884,1.930165999,17.99656554,0.311505438,1.676016027,1.388666285,3.248998283,-0.287693188,-0.506124785,2.139668002,30.45220378,0.6825415,1.107498569,46.14768174,37.83629078,896.0503721,-5.548941042,1821.408128,41.53405839,423.5832856,2269.032627,-16.77160847,453.2341156,695.2489983,2604.464797,128.4487693,8.41,14.41,9.27,14.33,85.66,142.8387622
"46","968659","654","NSIS",NA,"7","NSIS 2","2F","CTTGCT","ACCATC",3,5,1,0,3,5,0,0,432,1,0,348,268,0,1,1,221,0,0,0,71,6,0,2,1,0,0,0,121,15,1,0,0,0,0,0,0,"20KM_GRID","STRATH RUSDALE","V0","MainPit","AL","14637","NH5995879999","7042009","2009","April",259958,879999,670,5,"CC","COM",280,"SF1","NO","REC",46,"PT","PT","60660","PEAT","HPT","DYST","VP","ORG","NO","NO","GU","FL","26969","LF","L",NA,"ORG",0.065954181,11.83,98.31610044,3.36,45.3182202,0.9292637,3.95,3.36,6.83940474,11.05071792,1.60725281,2.79783133,0.58153315,0.00519636,0.02236961,64.08972282,25.80913928,772.2733589,107.7243812,237.2753713,167.9136077,119.3539604,-314.9009901,0.751763555,0.981456582,20.67349777,0.48054347,3.611391091,5.300608301,7.031465109,-0.299354949,-0.693243039,4.00752997,15.48542892,0.567423929,0.253551391,23.00306447,81.70364387,204.596728,-103.6600914,1880.534282,-432.9392809,1233.43242,1518.157239,213.1497266,424.6113613,679.8508438,1217.676896,-9.184344871,46.77,51.65,47.24,9.63,90.36,399.3478252
"48","968715","655","NSIS",NA,"7","NSIS 2","2G","CTTGCT","TTCTGC",3,5,5,7,2,3,0,0,1439,643,0,0,0,1,0,0,1,0,0,0,0,0,0,0,0,0,0,0,0,0,0,0,0,0,0,0,0,"20KM_GRID","UIST","V0","MainPit","JSBE","14646","NF8000419962","20042009","2009","April",80004,819962,95,17,"CX","COM",52,"ES1A","NO","NOR",38,"PT","PT","60661","PEAT","DYST",NA,"VP","ORG","R","B","NO","WRK","26885","Oa1","O","a","ORG",0.211905905,8.77,69.61048379,69.97824511,40.3132395,1.1523348,4.34,3.39,1.66214779,4.43422256,2.32707378,0.32515362,-2.96e-05,0.01494365,0.10747672,59.76188958,12.76972051,341.9372702,4154.031468,2391.192164,1.833575871,79.36567164,109.4029851,0.517912159,0.889710047,22.97332254,0.056563188,2.133158916,10.06820362,2.811742049,-0.382086084,-0.363151425,4.622026732,7.091193748,0.626485461,1.375772579,31.35710771,8.727454691,6564.744574,10.12730603,1323.237111,3494.703139,390.6230975,1000.691224,-7.381233313,976.2841214,174.2426369,1765.410637,476.7593759,41.3,46.27,42.59,25.95,74.04,81.72517686
"53","968798","638","NSIS",NA,"7","NSIS 1","12F","CTCACA","ACCATC",2,10,0,0,1,509,0,0,230,0,0,0,1,0,0,0,0,0,0,0,1,0,0,0,0,0,0,0,0,0,0,0,0,0,0,0,0,"20KM_GRID","Coire nam Mang","V0","MainPit","WT","14654","NC8002639940","28042009","2009","April",280026,939940,270,13,"ST","SI",66,"SC1A","NO","NOR",39,"PT","PT","60660","PEAT","HPT","DYST","VP","ORG","M","M","NO","BL","26850","Of","O","f","ORG",0.134455706,15.01553432,95.97171926,3.17,46.9741719,1.6845836,3.57,3.17,5.26632092,10.91556697,2.05327123,0.76541046,0.00327052,0.01204358,0.01817259,80.2365129,19.14664267,546.7624698,347.2772838,712.2167618,-37.83744494,97.15742251,171.9738989,0.087561593,1.248708524,19.45553356,0.258276885,3.45031728,2.723073177,2.53249313,-0.272541158,-0.985170227,2.111580145,17.56142512,0.283531664,1.517625154,38.26800561,17.84203378,780.0920667,-2.838824248,1915.154085,583.8998473,361.0498055,1601.807751,-22.82283744,503.92638,364.0897326,2594.460875,70.94722214,8.42,17.49,9.59,12.89,87.1,98.90375653
"54","968878","660","NSIS",NA,"7","NSIS 2","3D","GAAGTG","GAAGTC",1,10,17,61,8,8,1,0,2,0,0,0,7,0,5,1,1,0,0,0,0,0,0,0,0,1,0,0,0,0,1,0,2,0,0,0,0,"20KM_GRID","LOCH LYON","V0","MainPit","AJN","14668","NN3995240154","14052009","2009","May",239952,740154,411,3,"CX","SI",330,"ES1F","NO","NOR",36,"PT","PT","60662","PEAT","HPT","DYST","VP","ORG","SL","SL","NO","ARRO","26989","Os","O","s","ORG",0.081898795,12.61,95.10005517,3.64,46.104617,2.4221406,4,3.64,8.35229868,5.70978501,1.03793508,0.8697677,0.14769509,0.04330527,0.0274934,56.84249827,21.93281879,1232.654512,703.0684747,4545.65885,49.76940661,106.5068515,-48.79282219,1.201043271,5.181350811,74.06813343,0.715840022,7.73385264,4.070328809,9.184448545,0.440078664,1.465409532,6.139678506,98.72712431,0.781817636,2.573013004,22.7901949,37.25057357,1689.892952,7.06154189,3241.905225,5907.218518,539.4439133,992.171135,83.50327412,343.3342862,1175.974057,4344.950658,35.79200109,8.66,16.65,9.16,6.25,93.74,321.3710028
"55","968901","661","NSIS",NA,"7","NSIS 2","3E","GAAGTG","TAGCTC",2,10,3,0,1,0,0,2,1,14,25,1,0,1,0,195,0,0,0,0,1,0,61,0,199,199,5,0,0,29,0,0,98,120,0,0,0,"20KM_GRID","TORRIDON","V0","MainPit","AL","14661","NG7999760010","12052009","2009","May",179997,860010,40,25,"ST","COM",170,"PS4","NO","NOR",67,"LV",NA,"467","PODZ",NA,"BROW","F","COL","SL","SL","T","ARRO","26916","Ah","A","h","MIN",0.517511985,3.44,12.88450721,4.09,6.8040335,0.4016414,5,4.09,1.29496624,1.37820997,0.25720057,0.37569671,0.05007682,0.02427558,0.16569013,16.01956808,17.10718621,409.2024508,2510.250373,5784.22699,52.08233209,212.9477612,227.8109453,0.12810849,4.856951277,27.20947787,0.128056771,4.198048506,35.61902188,6.025288295,-0.107007051,-0.070182972,8.776750418,14.68825645,0.132246027,0.681659225,13.89178057,19.05335801,8962.939584,34.3363854,1720.181019,23485.69455,1214.367117,2238.407532,133.8493228,255.0274385,258.9063795,382.4118597,1023.00603,10.26,20.6,17.07,65.86,34.13,59.64098966
"59","969003","664","NSIS",NA,"7","NSIS 2","3H","GAAGTG","TCAAGC",1,10,0,0,0,58,0,0,2,1,0,21,0,0,0,0,0,0,0,0,0,0,0,0,0,0,0,0,0,0,0,0,0,0,0,0,0,"20KM_GRID","Rackwick","V0","MainPit","WT","14672","HY2000000000","16052009","2009","May",320000,1e+06,38,8,"ST","SI",80,"SC1A","NO","REC",24,"DZ","DZ","15433","PODZ",NA,"PTY","P","TILL","NO","M","NO","ARRO","26766","O","O",NA,"ORG",0.316386723,4.7,39.50353444,3.38,46.4966825,0.6343624,4.39,3.38,3.04449609,6.22602283,1.27538196,0.48656824,0.00087912,0.00512129,0.01594551,34.69280238,24.12772797,290.0881088,893.4222177,646.2993044,3.282563421,-3.670212766,66.23567921,0.533773964,0.345848861,27.75124592,0.068263481,1.690700905,3.825171734,1.065672844,-0.59627677,-0.8924359,2.973050144,7.287827193,0.713469532,-0.550962236,27.93875433,11.34425931,1791.747109,-1.23130528,957.2304757,334.8066981,402.3097287,797.535806,-11.11508235,264.8035552,104.4838576,1438.606254,98.8273536,8.31,15.27,11.32,43.24,56.75,66.59982475
"60","969014","644","NSIS",NA,"7","NSIS 2","1D","CTGAAC","GAAGTC",2,10,23,0,6,5,2,0,2,1,163,0,2,0,2,1,0,0,0,0,0,0,0,0,0,0,0,0,0,0,0,0,0,0,0,0,0,"20KM_GRID","Hackland","V0","MainPit","WT","14670","HY4000020000","15052009","2009","May",340000,1020000,25,2,"CC","COM",330,"AR2A","NO","REC",49,"TH","TH","76917","GLEY",NA,"N_CAL","I","TILL","NO","NO","NO","ARRO","26770","Ap","A","p","MIN",0.703348682,3.53,27.81709136,5.06,6.9391729,0.5316428,5.44,5.06,8.95672147,1.93244902,0.33724254,0.2709425,0.03133364,0.01377485,0.07937464,9.085726443,55.85827985,1003.151476,3390.00162,5484.865241,69.11236919,488.1353821,266.0631229,0.243964787,16.68851572,91.77131709,0.133570203,6.492277506,42.51795125,13.61567681,-0.196061608,0.884605142,23.68775992,16.91613342,0.309560068,0.299058616,32.01132526,53.64535278,15457.31091,40.66079777,2739.689376,21375.37104,1493.482483,6807.838404,150.2794116,186.1291989,782.6944913,995.3101132,236.3602862,8.29,15.78,12.77,59.81,40.18,45.09990306
"61","969024","645","NSIS",NA,"7","NSIS 2","1E","CTGAAC","TAGCTC",2,10,3,57,442,94,2,2,17,47,7,0,98,1,4,0,11,0,0,0,2,0,0,0,1,0,1,0,0,2,0,0,9,0,0,20,20,"20KM_GRID","Scalloway","V0","MainPit","WT","14674","HU3998740002","18052009","2009","May",439987,1140002,70,10,"CX","SI",110," N4","NO","SH",42,"AK","OS","2638","GLEY",NA,"HUM","I","RES","NO","NO","NO","RK","26761","Ah","A","h","MIN",0.338265376,4.373338223,22.60786194,4.39,10.8184054,0.7695895,4.95,4.39,2.57851753,2.89123989,0.97636949,0.50262543,0.07322637,0.09326336,0.15452712,15.13389887,31.46702031,774.3446962,2248.57303,7594.234606,-8.036705665,355.4310345,254.6305419,0.106032071,3.705371251,44.00749234,0.236062526,5.31206038,15.84206983,8.32362217,0.014822531,0.448701793,7.14200244,26.94197553,0.117900553,1.19887347,24.08203751,23.88858649,8527.529999,25.4048242,2003.002295,16103.49013,1639.628086,2206.910124,121.8218571,342.1468812,629.5000686,1311.807037,1195.736426,10.27,19.81,13.3,31.76,68.23,75.38167401
"62","969043","646","NSIS",NA,"7","NSIS 2","1F","CTGAAC","ACCATC",2,10,0,1,4,1,0,0,232,64,207,781,2,0,0,0,0,0,0,650,7,0,0,0,0,0,1,0,0,0,0,0,0,0,0,0,0,"20KM_GRID","West Kame","V0","MainPit","WT","14678","HU4000359999","20052009","2009","May",440003,1159999,90,0,NA,NA,NA,"ES1B","NO","NOR",9,"PT","PT","60660","PEAT","BPT","DYST","VP","ORG","NO","NO","GU","ARRO","26763","Of","O","f","ORG",0.118090096,12.48,97.13193117,3.36,45.0139888,1.2157416,3.86,3.36,8.11791013,16.65208167,3.17582157,0.73188183,0.00496952,0.00431387,0.00842726,65.81962739,30.34762723,377.5447714,288.8573383,911.5901741,3.326113184,8.221393035,74.57711443,0.665945525,5.926846919,18.48584692,0.874807156,1.895225905,5.298896919,7.140656068,-0.242534312,-0.510550652,3.469651268,112.4053252,0.790511694,1.141003351,54.39958151,39.96355706,568.1127354,6.021266937,2564.129166,604.0605977,374.6085778,2421.930344,-11.87644565,820.2028078,298.0487318,2973.661775,49.20079256,10.23,18.37,11.41,14.49,85.5,99.10175377
