label,other,area,name,gros_label,sectors,x,y
18C84,NO,18,PH35 4,QTC84,,209337.494030214,802876.40125976
18C21,NO,18,IV22 2,QTC21,,195448.010714356,869840.175268452
18C26,NO,18,IV27 4,QTC26,,239188.322971602,936614.908971125
18C60,NO,18,KW14 7,QTC60,,289829.609638685,960895.404114053
27C02,NO,27,ZE2 9,RDC02,,436057.115849729,1157683.85014739
04C18,NO,04,PA28 6,QDC18,,170897.439710584,624153.337717856
08C26,NO,08,DG8 0,QHC26,,223683.003490585,565680.242367835
08C28,NO,08,DG8 7,QHC28,,246120.654439447,572160.208686664
28C07,NO,28,KA26 0 (part),REC07,,219973.671554085,584226.125333775
10C24,NO,10,KA6 7 (part),QKC24,,246632.711446301,604264.774572958
08C25,NO,08,DG7 3 (part),QHC25,,263892.081902574,584512.343000319
08C19,NO,08,DG3 5,QHC19,,290622.554399196,598961.564914902
08C11,NO,08,DG13 0,QHC11,,331455.746588559,594172.759490543
29C29,NO,29,ML12 6 (part),RFC29,,295942.958703383,624229.871003582
05C26,NO,05,TD7 5 (part),QEC26,,330060.216672466,620935.440452878
05C28,NO,05,TD9 0,QEC28,,347890.446620659,597416.954961975
05C29,NO,05,TD9 7,QEC29,,339682.973431063,611895.596308032
04C39,NO,04,PA60 7,QDC39,,155843.269631475,681108.045894642
18C85,NO,18,PH36 4,QTC85,,162903.946839522,766326.712731698
22C25,NO,22,KA27 8,QYC25,,195991.211028555,635638.166123346
04C19,NO,04,PA29 6,QDC19,,178836.606587088,657630.988026932
04C21,NO,04,PA31 8,QDC21,,182345.540355006,691583.965846464
30C21,NO,30,G63 0 (part),RGC21,,251649.467234241,690362.473726986
30C17,NO,30,FK8 3,RGC17,,252766.537382117,700718.059879354
30C04,NO,30,FK17 8,RGC04,,256740.166727366,709463.927200071
04C24,NO,04,PA34 4,QDC24,,188310.499079487,721085.606261224
04C26,NO,04,PA35 1,QDC26,,204185.93023804,727726.057044972
04C23,NO,04,PA33 1,QDC23,,211076.776307727,721012.294609699
04C28,NO,04,PA37 1,QDC28,,198808.738169679,739392.036023476
18C82,NO,18,PH33 7,QTC82,,195733.821056535,770402.985716652
18C87,NO,18,PH38 4,QTC87,,175975.647900169,779245.174777416
18C90,NO,18,PH41 4,QTC90,,180331.603344019,799645.94644702
18C92,NO,18,PH49 4,QTC92,,221166.977839206,753256.298516495
18C81,NO,18,PH33 6,QTC81,,217262.034903454,767004.037236638
25C24,NO,25,PH17 2,RBC24,,251516.492776629,758656.377968553
18C83,NO,18,PH34 4,QTC83,,213387.03753223,791324.586482624
18C79,NO,18,PH31 4,QTC79,,234113.402906821,776205.814284643
25C34,NO,25,PH6 2,RBC34,,271491.960755736,721894.449079918
30C09,NO,30,FK21 8 (part),RGC09,,253116.6486013,733008.987721304
25C13,NO,25,PH1 3,RBC13,,299278.339505419,728442.159401142
25C37,NO,25,PH8 0,RBC37,,292353.098815459,739709.47303129
25C22,NO,25,PH15 2,RBC22,,266589.547437678,744847.921077993
25C23,NO,25,PH16 5,RBC23,,282321.106470243,759173.157435657
18C71,NO,18,PH19 1,QTC71,,256452.081064884,780618.720100469
18C72,NO,18,PH20 1,QTC72,,251069.560267393,792328.61869704
25C25,NO,25,PH18 5,RBC25,,281521.46304133,773149.263146087
25C17,NO,25,PH10 7,RBC17,,308887.280809138,764526.550037635
02C17,NO,02,AB35 5,QBC17,,317279.897395862,791661.975684318
18C42,NO,18,IV51 9,QTC42,,143665.733722603,854275.929489087
32C04,NO,32,HS3 3,RJC04,,110217.887759758,901635.743102519
32C03,NO,32,HS2 9,RJC03,,122575.103023036,924046.34240301
32C02,NO,32,HS2 0,RJC02,,142650.762641587,947145.231726785
18C31,NO,18,IV40 8,QTC31,,197830.433438612,823365.693563408
18C45,NO,18,IV54 8,QTC45,,189354.731714236,846762.877432679
18C30,NO,18,IV4 7,QTC30,,229739.569242178,834040.787269366
18C48,NO,18,IV6 7,QTC48,,233346.13952687,850388.301122572
18C08,NO,18,IV14 9,QTC08,,238463.002055282,871189.529625158
18C73,NO,18,PH21 1,QTC73,,279005.987527953,797856.963576128
18C17,NO,18,IV2 6,QTC17,,259377.503650142,823716.790925235
25C31,NO,25,PH3 1,RBC31,,295075.263188004,713315.026044235
18C07,NO,18,IV13 7,QTC07,,273456.934502071,821916.512868918
21C01,NO,21,AB37 9 (part),QXC01,,317594.572219486,819709.163685196
18C06,NO,18,IV12 5,QTC06,,289543.744842741,845155.672453469
21C02,NO,21,AB38 7,QXC02,,320210.989851713,845982.425107366
18C22,NO,18,IV23 2,QTC22,,217338.191935484,877076.417375539
18C25,NO,18,IV26 2,QTC25,,212539.696807612,906028.802255416
18C23,NO,18,IV24 3,QTC23,,240672.617152484,899503.35461551
18C57,NO,18,KW11 6,QTC57,,280499.657452992,933006.531071427
18C58,NO,18,KW12 6,QTC58,,306608.068532198,947736.847501509
05C13,NO,05,TD11 3 (part),QEC13,,376077.656196406,657601.331246378
02C11,NO,02,AB31 6,QBC11,,364995.431004182,789045.587392879
02C39,NO,02,AB51 0,QBC39,,379320.127908279,823590.68868296
27C02,NO,27,ZE2 9,RDC02,,449735.865661158,1191720.05676073
08C34,NO,08,DG9 9,QHC34,,209169.363181147,546981.147467581
08C30,NO,08,DG8 9,QHC30,,236823.039950918,551115.633392156
08C29,NO,08,DG8 8,QHC29,,243652.172739247,541823.134601786
08C22,NO,08,DG6 4,QHC22,,267889.625245244,550836.726851179
08C23,NO,08,DG7 1,QHC23,,277952.583226909,556381.584498086
08C31,NO,08,DG9 0,QHC31,,200078.330843789,565714.381972566
08C33,NO,08,DG9 8,QHC33,,208254.926897235,560402.327133294
08C27,NO,08,DG8 6 (part),QHC27,,238198.359852581,569593.232643589
28C08,NO,28,KA26 9,REC08,,230165.20197322,596526.452447208
28C04,NO,28,KA19 7 (part),REC04,,237480.516197709,603464.237860597
08C24,NO,08,DG7 2,QHC24,,262393.145983297,563997.184682922
08C16,NO,08,DG2 8,QHC16,,291677.452982288,566771.185057825
08C18,NO,08,DG3 4,QHC18,,277683.596050631,595367.161205904
08C14,NO,08,DG2 0,QHC14,,288679.599803714,584505.419259439
08C01,NO,08,DG1 1,QHC01,,297446.227610554,589374.605042546
08C03,NO,08,DG1 3,QHC03,,301179.950001787,585933.17605943
08C04,NO,08,DG1 4,QHC04,,304657.448320071,570701.114931532
08C08,NO,08,DG11 3,QHC08,,324415.31225936,576269.177391207
08C06,NO,08,DG11 1,QHC06,,308593.956770894,583756.3787656
08C12,NO,08,DG14 0 (part),QHC12,,336938.065452764,577863.400408983
08C07,NO,08,DG11 2,QHC07,,318316.255535857,589551.357501101
10C11,NO,10,KA18 4 (part),QKC11,,260623.20102567,610672.923651127
08C20,NO,08,DG4 6 (part),QHC20,,276877.832353227,611432.867575365
10C10,NO,10,KA18 3,QKC10,,266553.354231246,624972.60429347
29C25,NO,29,ML11 0,RFC25,,279561.196234086,631300.089432955
29C28,NO,29,ML11 9,RFC28,,285543.768232438,640309.679899775
08C05,NO,08,DG10 9 (part),QHC05,,309099.451442808,605400.805458223
05C08,NO,05,ML12 6 (part),QEC08,,310391.021213503,626858.4073321
05C06,NO,05,EH45 9,QEC06,,322624.472711777,633868.571438018
05C04,NO,05,EH44 6,QEC04,,331438.86653805,638931.034537647
05C31,NO,05,TD9 9,QEC31,,353932.358296559,606515.174024864
05C30,NO,05,TD9 8,QEC30,,358950.494857629,613319.281882901
05C27,NO,05,TD8 6,QEC27,,368375.385162259,616920.30377248
05C25,NO,05,TD7 4,QEC25,,347460.71383689,624080.024483098
05C11,NO,05,TD1 3,QEC11,,344523.74901761,634113.58303939
05C24,NO,05,TD6 9,QEC24,,355354.294501118,630438.392828831
05C22,NO,05,TD5 8,QEC22,,377619.255996188,625597.875519137
04C32,NO,04,PA43 7,QDC32,,135705.661763149,655364.046064112
04C33,NO,04,PA44 7,QDC33,,132987.766600054,668955.247556903
04C31,NO,04,PA42 7,QDC31,,138029.099832044,649541.193058802
04C40,NO,04,PA61 7,QDC40,,138485.345141715,694995.679528257
04C51,NO,04,PA77 6,QDC51,,99442.901947628,744956.736097928
04C52,NO,04,PA78 6,QDC52,,120353.006185859,757840.999384794
04C45,NO,04,PA69 6,QDC45,,152234.287060256,726589.602819211
04C46,NO,04,PA71 6,QDC46,,158332.949726989,736773.206702548
04C42,NO,04,PA65 6,QDC42,,167475.948202472,732528.409709022
04C48,NO,04,PA73 6,QDC48,,146317.406688372,743510.588286909
04C49,NO,04,PA75 6,QDC49,,143723.858534495,751331.00162832
04C47,NO,04,PA72 6,QDC47,,152176.713322451,747856.338023836
18C69,NO,18,PA34 5 (part),QTC69,,169652.566941765,751181.504582242
18C91,NO,18,PH42 4,QTC91,,136879.297405462,798278.534308024
18C89,NO,18,PH40 4,QTC89,,170282.840636728,792680.627520658
04C08,NO,04,PA20 0,QDC08,,204215.921117616,667073.246580826
04C10,NO,04,PA21 2,QDC10,,195307.142215795,675889.404091921
04C12,NO,04,PA23 7,QDC12,,211871.648883061,675218.820569051
22C22,NO,22,KA24 5,QYC22,,225921.939704211,653949.28607163
10C18,NO,10,KA3 6,QKC18,,248982.457272391,643832.56454358
26C06,NO,26,PA12 4,RCC06,,233091.435925778,660567.506783997
04C11,NO,04,PA22 3,QDC11,,203150.150917411,684166.275699423
04C13,NO,04,PA23 8,QDC13,,212520.312307503,687401.984151167
25C35,NO,25,PH7 3,RBC35,,292033.623484881,722391.01994752
25C26,NO,25,PH2 0,RBC26,,304082.372832155,715693.460914066
25C11,NO,25,PH1 1,RBC11,,303777.107465854,722702.609603741
25C30,NO,25,PH2 9,RBC30,,311594.929998701,713821.806492907
04C29,NO,04,PA38 4 (part),QDC29,,200820.193010375,747581.147627237
30C08,NO,30,FK20 8 (part),RGC08,,236015.469043141,725742.375449191
04C27,NO,04,PA36 4,QDC27,,229601.583258691,741018.54285554
30C06,NO,30,FK19 8 (part),RGC06,,250884.204342546,720990.314057227
18C86,NO,18,PH37 4,QTC86,,184647.292402141,778891.954109485
04C17,NO,04,PA27 8,QDC17,,206869.282795925,697151.189361611
04C14,NO,04,PA24 8,QDC14,,219396.001205464,699154.425902261
04C22,NO,04,PA32 8,QDC22,,207624.053943203,710003.264356781
04C04,NO,04,G84 0,QDC04,,224783.103062041,688663.492020604
04C02,NO,04,G83 7 (part),QDC02,,228539.104132438,707688.77936774
04C16,NO,04,PA26 8,QDC16,,221943.933273683,713885.656793978
29C24,NO,29,ML10 6,RFC24,,266918.048571886,641157.993503836
23C38,NO,23,ML6 8,QZC38,,281589.893630076,665097.327384037
29C27,NO,29,ML11 8,RFC27,,298863.159771561,649192.773249624
05C07,NO,05,EH46 7 (part),QEC07,,315167.425813971,650262.026421629
05C05,NO,05,EH45 8,QEC05,,321974.108944695,643893.226707687
20C11,NO,20,EH23 4,QWC11,,332590.0295482,656729.279305567
31C12,NO,31,EH49 7 (part),RHC12,,304547.43079423,677111.344091231
30C14,NO,30,FK7 9,RGC14,,273654.477159422,688820.905436425
30C18,NO,30,FK9 4,RGC18,,275900.806649854,697333.161934156
30C03,NO,30,FK16 6,RGC03,,270549.824604532,705360.631724824
30C02,NO,30,FK15 9 (part),RGC02,,275893.612192381,704969.655141834
25C33,NO,25,PH5 2,RBC33,,284362.300757656,715961.298688016
25C38,NO,25,PH9 0,RBC38,,299413.777533728,751998.56818431
25C14,NO,25,PH1 4,RBC14,,306433.33480672,735975.003977643
25C27,NO,25,PH2 6,RBC27,,315506.314396869,732500.571167548
25C18,NO,25,PH11 8 (part),RBC18,,323020.521578271,750438.67482018
03C16,NO,03,DD8 1 (part),QCC16,,339028.200145719,746114.345673922
03C20,NO,03,DD8 5,QCC20,,332381.917290718,755373.578812262
03C23,NO,03,PH11 8 (part),QCC23,,321624.898609623,765433.636835473
03C19,NO,03,DD8 4,QCC19,,332810.516638069,768979.798080466
32C09,NO,32,HS8 5,RJC09,,78687.4648673974,830313.269148751
32C08,NO,32,HS7 5,RJC08,,81385.3956887073,851944.498047164
32C07,NO,32,HS6 5,RJC07,,84202.6340152728,868934.569587763
18C36,NO,18,IV45 8,QTC36,,161126.57786241,807285.375756495
18C40,NO,18,IV49 9,QTC40,,156616.641701986,821462.837136151
18C34,NO,18,IV43 8,QTC34,,171316.837942509,816032.990541077
18C38,NO,18,IV47 8,QTC38,,140726.561615131,826195.808525393
18C47,NO,18,IV56 8,QTC47,,137993.500816669,839326.76817786
18C32,NO,18,IV41 8,QTC32,,173538.642639911,822821.363330036
18C46,NO,18,IV55 8,QTC46,,123209.200663993,849310.245155998
18C31,NO,18,IV40 8,QTC31,,157447.605795178,841843.283907918
18C20,NO,18,IV21 2,QTC20,,177734.595396828,875990.148158224
32C02,NO,32,HS2 0,RJC02,,151331.213204608,933061.157360926
18C50,NO,18,IV63 7,QTC50,,230272.101540884,816503.293115698
18C80,NO,18,PH32 4,QTC80,,244204.048913612,804812.802617732
18C49,NO,18,IV63 6,QTC49,,245923.015708984,829820.35669368
18C29,NO,18,IV3 8,QTC29,,259010.443706401,840473.999518135
18C10,NO,18,IV16 9,QTC10,,251438.86414364,873278.347049711
18C74,NO,18,PH22 1,QTC74,,294341.626857319,807548.640452839
18C75,NO,18,PH23 3,QTC75,,288705.064590074,822134.780459045
18C16,NO,18,IV2 5,QTC16,,274986.200037119,843309.256632787
18C77,NO,18,PH25 3,QTC77,,304844.759110176,815577.766265591
02C18,NO,02,AB36 8,QBC18,,330246.008470393,812320.535121363
30C22,NO,30,G63 9 (part),RGC22,,252653.51766509,681849.451051722
11C18,NO,11,G66 7,QLC18,,259920.145698115,680278.246602546
11C19,NO,11,G66 8 (part),QLC19,,264521.287958002,678526.243075968
04C06,NO,04,G84 8,QDC06,,227000.927415369,685583.191915776
04C07,NO,04,G84 9,QDC07,,230408.701861169,686183.440736389
18C78,NO,18,PH26 3 (part),QTC78,,304979.657058824,831086.419868603
21C04,NO,21,AB54 4 (part),QXC04,,336831.521721611,826684.853587628
21C06,NO,21,AB55 4,QXC06,,332565.66974993,835418.169855831
18C18,NO,18,IV2 7,QTC18,,277774.960468709,851829.040515685
18C51,NO,18,IV7 8,QTC51,,262388.569136525,859852.508973764
18C11,NO,18,IV17 0,QTC11,,261331.691876524,876991.649965308
18C12,NO,18,IV18 0,QTC12,,271904.733901872,874558.627258624
18C13,NO,18,IV19 1,QTC13,,273716.607940866,881169.923780818
18C19,NO,18,IV20 1,QTC19,,286670.537550513,879406.115087907
21C20,NO,21,IV36 2 (part),QXC20,,305852.34092372,852304.716572188
21C16,NO,21,IV30 8,QXC16,,321176.700139599,859745.159137029
21C18,NO,21,IV32 7,QXC18,,333031.133258501,858955.939486734
18C23,NO,18,IV24 3,QTC23,,264809.902233631,893279.205919827
18C24,NO,18,IV25 3,QTC24,,273528.467145067,894503.25479075
18C27,NO,18,IV28 3,QTC27,,271272.028765495,913840.364219425
18C68,NO,18,KW9 6,QTC68,,284231.477289935,910442.818889494
18C67,NO,18,KW8 6,QTC67,,294390.380493785,913078.154481474
18C59,NO,18,KW13 6,QTC59,,286416.634525567,949863.355807499
18C66,NO,18,KW7 6,QTC66,,303695.380982962,926651.936640624
18C64,NO,18,KW5 6,QTC64,,318855.699289768,939864.684793718
18C63,NO,18,KW3 6,QTC63,,325315.102997919,939441.600229008
18C55,NO,18,KW1 5,QTC55,,325424.389122428,950362.743722632
18C54,NO,18,KW1 4,QTC54,,331944.552397086,962966.039042296
18C61,NO,18,KW14 8,QTC61,,321654.398752822,969073.39738539
24C02,NO,24,KW16 3,RAC02,,325395.135624032,996767.176612356
04C03,NO,04,G83 8 (part),QDC03,,232764.940580047,692577.666398088
30C05,NO,30,FK18 8,RGC05,,259712.003342673,717266.663295059
29C39,NO,29,ML9 3,RFC39,,276634.114611651,646044.020065552
29C32,NO,29,ML3 7,RFC32,,273057.425815944,651335.49847398
23C22,NO,23,ML1 5,QZC22,,280503.776688261,659351.175164945
23C40,NO,23,ML7 4,QZC40,,285112.995410056,662827.029845925
29C36,NO,29,ML8 5,RFC36,,283433.599658237,650099.354252643
23C41,NO,23,ML7 5 (part),QZC41,,288778.451998921,660237.504859016
23C37,NO,23,ML6 7 (part),QZC37,,280161.34199638,669773.53073908
23C08,NO,23,G67 4,QZC08,,274202.324230186,672217.095536905
15C07,NO,15,FK1 3 (part),QQC07,,285495.05232541,674148.325147067
11C13,NO,11,G66 1,QLC13,,265640.318273936,674693.666077197
23C03,NO,23,G65 9 (part),QZC03,,270441.882294584,678675.723459273
15C17,NO,15,FK4 1,QQC17,,279989.658441795,680227.011101188
15C18,NO,15,FK4 2 (part),QQC18,,282062.965415548,678499.112600914
15C21,NO,15,FK6 5 (part),QQC21,,277467.0267597,682147.22499172
31C09,NO,31,EH48 3 (part),RHC09,,291311.204254055,668706.792538895
15C06,NO,15,FK1 2 (part),QQC06,,289896.491173244,674786.096939523
31C04,NO,31,EH47 7,RHC04,,300117.230287473,666975.710752019
31C10,NO,31,EH48 4,RHC10,,298117.889176931,671412.471787683
24C03,NO,24,KW17 2,RAC03,,334254.840956479,1005928.22907116
24C02,NO,24,KW16 3,RAC02,,328653.982608812,1012789.86825575
24C03,NO,24,KW17 2,RAC03,,332770.948111001,1021946.95357332
05C10,NO,05,TD1 2,QEC10,,346443.297423269,644291.227092471
05C18,NO,05,TD2 6,QEC18,,352927.34424272,652672.742582648
05C19,NO,05,TD3 6,QEC19,,363769.326084925,647234.312626772
12C17,NO,12,EH41 4,QMC17,,356493.070941502,667564.708714722
12C14,NO,12,EH39 5,QMC14,,353670.471509482,681731.626877511
12C18,NO,12,EH42 1,QMC18,,366382.423028779,674322.230422638
05C16,NO,05,TD14 5,QEC16,,388919.093798239,663951.26384722
16C28,NO,16,KY16 8,QRC28,,352805.933168423,712236.73440545
03C17,NO,03,DD8 2,QCC17,,351121.835922989,748205.526541906
03C18,NO,03,DD8 3,QCC18,,345950.006772233,759107.55083907
03C21,NO,03,DD9 6,QCC21,,357618.431773802,758111.143334514
03C07,NO,03,DD11 4,QCC07,,362678.61664484,749316.846824588
03C08,NO,03,DD11 5,QCC08,,367052.225267345,746366.600595804
03C22,NO,03,DD9 7 (part),QCC22,,348749.527995875,774977.557890485
02C55,NO,02,DD10 0,QBC55,,378503.133516664,769907.349555526
02C08,NO,02,AB30 1 (part),QBC08,,370677.265754405,775574.724071084
02C16,NO,02,AB34 5,QBC16,,347832.478048936,796840.073611914
02C15,NO,02,AB34 4,QBC15,,347081.743369138,806069.444923272
02C09,NO,02,AB31 4,QBC09,,361518.729698803,802289.798036334
02C10,NO,02,AB31 5 (part),QBC10,,374907.081811376,799628.469381809
02C12,NO,02,AB32 6 (part),QBC12,,377893.389644038,805453.352311193
02C20,NO,02,AB39 3,QBC20,,382637.41666666,788563.63614545
02C14,NO,02,AB33 8,QBC14,,351742.185451829,814955.601806283
02C43,NO,02,AB51 7,QBC43,,367359.367075317,812078.15448691
02C50,NO,02,AB54 4 (part),QBC50,,348084.408196172,833529.261987121
02C45,NO,02,AB52 6,QBC45,,363006.220648378,828431.995075652
02C42,NO,02,AB51 5,QBC42,,372181.055099178,822850.957194042
02C51,NO,02,AB54 6,QBC51,,360149.713055086,840203.536094216
02C44,NO,02,AB51 8,QBC44,,372778.490621201,836349.613474448
02C49,NO,02,AB53 8,QBC49,,375992.306076235,843276.84151238
02C22,NO,02,AB41 7,QBC22,,386976.990814296,835463.360064832
02C23,NO,02,AB41 8,QBC23,,396851.807671306,834370.21965736
02C25,NO,02,AB42 0,QBC25,,405953.900560768,837760.627513068
21C08,NO,21,AB55 6,QXC08,,342496.745976487,853079.543083713
02C46,NO,02,AB53 4,QBC46,,367950.733835814,849697.757853218
02C48,NO,02,AB53 6,QBC48,,386170.603052083,848265.647995079
02C38,NO,02,AB45 3,QBC38,,371793.018593879,860187.591702969
21C11,NO,21,AB56 5,QXC11,,345557.212383259,861195.935689713
02C30,NO,02,AB42 5,QBC30,,396498.023199452,845024.84618029
02C31,NO,02,AB43 6,QBC31,,389720.194010438,857350.190115567
02C29,NO,02,AB42 4,QBC29,,403021.743164701,849439.712367473
24C03,NO,24,KW17 2,RAC03,,351411.090511363,1004394.3548938
24C03,NO,24,KW17 2,RAC03,,345359.433326755,1045915.22778225
24C03,NO,24,KW17 2,RAC03,,368020.420242357,1041388.43793069
08C21,NO,08,DG5 4,QHC21,,286249.226931793,559619.497482113
28C05,NO,28,KA19 8,REC05,,227601.69220461,610022.196141589
28C15,NO,28,KA7 4,REC15,,230616.593846277,617216.009206165
28C11,NO,28,KA6 6 (part),REC11,,238533.276712989,616754.018990283
28C10,NO,28,KA6 5,REC10,,239890.326750979,622711.842401612
10C09,NO,10,KA18 2,QKC09,,251260.300951436,618709.69939166
28C20,NO,28,KA9 2,REC20,,237253.273830749,626948.575036356
28C01,NO,28,KA1 5 (part),REC01,,241587.095418363,631343.745726798
22C02,NO,22,KA11 2 (part),QYC02,,235730.932689338,641302.351219426
10C21,NO,10,KA5 5 (part),QKC21,,247378.322929498,624827.55131289
28C09,NO,28,KA5 5 (part),REC09,,244439.742564018,627563.669405313
10C22,NO,10,KA5 6,QKC22,,255416.995563924,628463.524465818
10C05,NO,10,KA1 5 (part),QKC05,,245197.270362532,634915.259934884
10C20,NO,10,KA4 8,QKC20,,250620.702043113,636538.603130452
29C02,NO,29,EH55 8 (part),RFC02,,301783.438038382,655227.949338731
31C03,NO,31,EH47 0,RHC03,,294072.276425261,663289.661492124
31C08,NO,31,EH48 2,RHC08,,296339.692397768,667427.742702181
31C21,NO,31,EH55 8 (part),RHC21,,301598.57991687,660611.662949346
23C01,NO,23,G33 6 (part),QZC01,,266143.080892645,669424.525358752
23C31,NO,23,ML5 2,QZC31,,271876.105148134,667351.776620964
23C35,NO,23,ML6 0,QZC35,,274690.091668688,667934.831122357
10C06,NO,10,KA16 9,QKC06,,253721.672955333,637612.353390607
10C07,NO,10,KA17 0 (part),QKC07,,258417.721457423,638653.537724501
08C17,NO,08,DG2 9,QHC17,,287761.116777192,578007.885329902
08C09,NO,08,DG12 5,QHC09,,316045.804432475,568315.252894797
08C10,NO,08,DG12 6,QHC10,,323338.761517815,567481.225584262
08C13,NO,08,DG16 5,QHC13,,330831.502734731,568869.964311703
29C26,NO,29,ML11 7,RFC26,,289640.514951008,644316.660577211
05C03,NO,05,EH43 6,QEC03,,336943.069666151,637169.878369278
05C09,NO,05,TD1 1,QEC09,,342596.339078958,639555.385262848
05C23,NO,05,TD6 0,QEC23,,360551.219778718,630891.545060718
05C20,NO,05,TD4 6,QEC20,,359519.615473697,640748.120852266
05C21,NO,05,TD5 7,QEC21,,369919.540233536,637284.290981081
05C14,NO,05,TD12 4,QEC14,,381900.005731256,642848.732965589
04C37,NO,04,PA48 7,QDC37,,121909.417014209,658043.749263297
04C38,NO,04,PA49 7,QDC38,,124042.949869267,663469.392719187
04C34,NO,04,PA45 7,QDC34,,139979.725274212,665304.478992675
04C20,NO,04,PA30 8,QDC20,,183737.934361354,682060.427826533
04C44,NO,04,PA67 6,QDC44,,138132.733052957,720794.90798024
04C24,NO,04,PA34 4,QDC24,,174405.643393369,710179.198649714
32C10,NO,32,HS9 5,RJC10,,67954.758302246,801631.061804153
04C24,NO,04,PA34 4,QDC24,,181364.774300923,728387.350006432
18C91,NO,18,PH42 4,QTC91,,124263.452971674,805569.48253485
18C88,NO,18,PH39 4,QTC88,,167689.570137625,786166.262735025
18C35,NO,18,IV44 8,QTC35,,164828.536967056,807895.026552346
22C20,NO,22,KA23 9,QYC20,,221119.016459274,651299.404443541
04C09,NO,04,PA20 9,QDC09,,209250.64546418,658622.84151874
22C29,NO,22,KA30 8,QYC29,,223725.222736883,663110.94283066
19C09,NO,19,PA16 0,QUC09,,221963.475939229,672985.781921534
22C21,NO,22,KA24 4,QYC21,,231671.352840322,648808.21923847
10C16,NO,10,KA3 4 (part),QKC16,,240751.208612291,649777.029392185
22C12,NO,22,KA15 1,QYC12,,236559.574146945,651485.542713933
22C24,NO,22,KA25 7,QYC24,,229765.468964073,657376.097296006
10C17,NO,10,KA3 5,QKC17,,244936.40298505,648131.330354775
13C09,NO,13,G77 6 (part),QNC09,,251252.434142925,653794.8642098
29C22,NO,29,G75 9,RFC22,,261419.723451515,649803.136171079
13C05,NO,13,G76 0,QNC05,,256396.880978656,649610.646489982
13C12,NO,13,G78 3,QNC12,,246338.4265698,656205.767038186
26C11,NO,26,PA2 8 (part),RCC11,,245087.640330491,659808.031335546
19C02,NO,19,PA13 4 (part),QUC02,,231554.567857414,669216.048582283
19C12,NO,19,PA16 9,QUC12,,226543.885319184,672427.013969743
26C23,NO,26,PA6 7,RCC23,,240614.197762009,668391.704924979
07C15,NO,07,G83 8 (part),QGC15,,240940.613498699,684459.095846118
07C16,NO,07,G83 9 (part),QGC16,,243589.608812786,679785.618528275
15C10,NO,15,FK2 0,QQC10,,294238.155476285,677495.7190746
31C11,NO,31,EH49 6 (part),RHC11,,301078.421733452,675292.358901739
15C04,NO,15,EH51 9,QQC04,,301450.124673369,680479.717790063
16C20,NO,16,KY12 8,QRC20,,302635.350582266,686891.799444692
31C01,NO,31,EH27 8 (part),RHC01,,309176.197025664,661609.700473189
20C16,NO,20,EH26 9 (part),QWC16,,318551.061948171,659441.332717446
20C15,NO,20,EH26 8 (part),QWC15,,323998.750445936,657298.87894701
14C26,NO,14,EH14 7 (part),QPC26,,314952.977870196,663613.405064936
20C14,NO,20,EH26 0,QWC14,,322118.204923237,663210.608343846
20C13,NO,20,EH25 9,QWC13,,326748.767469711,662829.187689606
14C18,NO,14,EH13 0,QPC18,,321999.95853346,667536.072202579
05C02,NO,05,EH38 5,QEC02,,337652.380455178,652202.973795778
20C07,NO,20,EH22 2 (part),QWC07,,336671.41069406,667488.928197107
20C17,NO,20,EH37 5 (part),QWC17,,340964.324110117,661442.060441532
31C14,NO,31,EH52 6 (part),RHC14,,305496.389384897,673000.254130905
14C17,NO,14,EH12 9,QPC17,,316654.100932648,672165.78801788
14C42,NO,14,EH29 9,QPC42,,312311.74290513,674540.38325094
16C32,NO,16,KY3 0,QRC32,,319851.459109133,686786.352610355
19C04,NO,19,PA14 6 (part),QUC04,,234979.115207598,673358.355737412
12C10,NO,12,EH34 5,QMC10,,345514.343178123,668314.491808857
12C08,NO,12,EH33 1,QMC08,,342184.224039606,673121.476761952
12C06,NO,12,EH32 0,QMC06,,345905.056282766,677779.927910415
30C13,NO,30,FK7 8,RGC13,,281101.438530848,687943.031158213
30C19,NO,30,FK9 5 (part),RGC19,,282175.516112613,696148.710113908
30C01,NO,30,FK15 0 (part),RGC01,,282027.775380638,702166.481221569
15C12,NO,15,FK2 8 (part),QQC12,,289356.768385679,685982.472339908
16C04,NO,16,FK10 4 (part),QRC04,,294744.834298781,688262.852530433
16C21,NO,16,KY12 9 (part),QRC21,,303775.13603428,692532.191805108
06C02,NO,06,FK10 2,QFC02,,286017.738575779,694139.709644955
06C03,NO,06,FK10 3 (part),QFC03,,292284.400468085,694080.745380664
06C08,NO,06,FK14 7 (part),QFC08,,295043.848222883,699280.314602213
25C02,NO,25,FK14 7 (part),RBC02,,296570.808969352,704313.450202023
25C04,NO,25,FK15 9 (part),RBC04,,281270.141070534,710819.904748912
25C36,NO,25,PH7 4,RBC36,,283516.270530993,724516.653929088
25C32,NO,25,PH4 1,RBC32,,288880.156251994,707050.752297584
16C18,NO,16,KY12 0,QRC18,,311183.027124279,690928.544083371
16C35,NO,16,KY4 8,QRC35,,316976.977622635,689562.650470485
16C30,NO,16,KY2 5,QRC30,,324330.025603518,690255.74143791
16C34,NO,16,KY4 0 (part),QRC34,,313272.402964181,694379.553857744
25C05,NO,25,KY13 0 (part),RBC05,,307228.372557499,702674.326845517
16C37,NO,16,KY5 0 (part),QRC37,,321105.273268693,696172.700935924
25C07,NO,25,KY13 9 (part),RBC07,,316295.446488274,702227.909612854
16C08,NO,16,KY1 4,QRC08,,330529.829051238,697217.464751568
16C45,NO,16,KY7 6,QRC45,,330126.876349227,702729.968901896
16C49,NO,16,KY8 4,QRC49,,336823.354932392,701149.895583446
16C50,NO,16,KY8 5,QRC50,,338608.405579728,704753.95029979
16C23,NO,16,KY14 7 (part),QRC23,,321190.231262621,710647.846953374
25C29,NO,25,PH2 8,RBC29,,314956.653112426,720072.185745342
25C28,NO,25,PH2 7,RBC28,,320280.927660307,724497.685262681
16C26,NO,16,KY15 7,QRC26,,328959.64122036,709631.494313545
16C25,NO,16,KY15 5,QRC25,,340212.650203085,711537.951442208
16C22,NO,16,KY14 6 (part),QRC22,,327369.772459301,718205.828957746
16C24,NO,16,KY15 4,QRC24,,336468.905244319,718542.567892415
16C01,NO,16,DD6 8,QRC01,,339972.128009006,725061.883430586
04C25,NO,04,PA34 5 (part),QDC25,,183838.456228844,740953.531722656
14C27,NO,14,EH15 1,QPC27,,330033.695674879,673675.888101529
12C02,NO,12,EH21 7,QMC02,,335468.242459937,672830.322508543
12C09,NO,12,EH33 2,QMC09,,340633.671896238,670772.929342296
18C70,NO,18,PA38 4 (part),QTC70,,200877.634827462,754187.458391259
25C16,NO,25,PH10 6,RBC16,,314251.636875087,745791.575784002
25C20,NO,25,PH13 9 (part),RBC20,,321761.981755535,738387.521964659
25C21,NO,25,PH14 9 (part),RBC21,,326278.279065149,730740.997904315
25C01,NO,25,DD2 5 (part),RBC01,,331125.458493831,729787.420287935
03C09,NO,03,DD2 5 (part),QCC09,,330721.345118797,735416.428448753
25C19,NO,25,PH12 8 (part),RBC19,,328501.876017364,744624.305846292
03C10,NO,03,DD3 0 (part),QCC10,,335976.172721382,737335.829811171
03C11,NO,03,DD4 0 (part),QCC11,,341823.121650985,738224.066377794
32C07,NO,32,HS6 5,RJC07,,78589.5515635419,861689.705088769
18C33,NO,18,IV42 8,QTC33,,166633.525985115,820237.520157628
18C40,NO,18,IV49 9,QTC40,,160900.401702121,830189.190390725
32C06,NO,32,HS5 3,RJC06,,103323.206470635,885440.831829949
32C03,NO,32,HS2 9,RJC03,,115928.691705748,936778.094765306
18C52,NO,18,IV8 8,QTC52,,264364.700609448,855173.020490305
18C09,NO,18,IV15 9,QTC09,,253311.097650781,860731.252295582
18C76,NO,18,PH24 3,QTC76,,295627.232242504,819423.071797551
18C02,NO,18,IV1 3,QTC02,,264553.700530813,850293.565219132
21C03,NO,21,AB38 9,QXC03,,328397.22355081,844302.552815518
21C07,NO,21,AB55 5 (part),QXC07,,339347.212280661,845559.81340197
18C53,NO,18,IV9 8,QTC53,,268430.235964393,856486.088168891
18C03,NO,18,IV10 8,QTC03,,271639.56536802,859418.53680972
18C04,NO,18,IV11 8,QTC04,,276826.536311697,864586.085467736
21C21,NO,21,IV36 3,QXC21,,306839.495157811,863483.085754768
21C14,NO,21,IV30 5,QXC14,,316414.061599885,867437.699563323
21C17,NO,21,IV31 6,QXC17,,322344.962986213,868519.597724981
18C56,NO,18,KW10 6,QTC56,,281316.516613368,901341.725707466
18C65,NO,18,KW6 6,QTC65,,311460.390740172,935018.934102011
24C03,NO,24,KW17 2,RAC03,,344989.756507326,989704.090235178
24C01,NO,24,KW15 1,RAC01,,343109.738418094,1010389.95773788
24C03,NO,24,KW17 2,RAC03,,340820.88596872,1030831.63197685
12C12,NO,12,EH36 5,QMC12,,347271.052489661,662604.664048327
05C12,NO,05,TD10 6,QEC12,,371066.605728905,646868.537765533
12C16,NO,12,EH41 3,QMC16,,351582.773993588,675327.92803857
12C19,NO,12,TD13 5 (part),QMC19,,373074.04077435,669939.993269585
05C15,NO,05,TD13 5 (part),QEC15,,376341.143040331,668327.140607641
05C17,NO,05,TD15 1,QEC17,,391796.554034444,653241.770586276
16C52,NO,16,KY9 1,QRC52,,348074.200503446,704363.55453503
16C09,NO,16,KY10 2,QRC09,,352354.658799287,705243.683085081
16C10,NO,16,KY10 3,QRC10,,358549.493904555,707211.983108285
16C29,NO,16,KY16 9,QRC29,,346427.766146611,717297.676830161
16C27,NO,16,KY16 0,QRC27,,345062.302201797,722351.305724137
16C02,NO,16,DD6 9,QRC02,,347256.163980886,726692.370024529
03C15,NO,03,DD7 7,QCC15,,353431.040503169,733993.198156418
03C12,NO,03,DD5 3 (part),QCC12,,348822.425637533,737430.139154953
03C05,NO,03,DD11 2,QCC05,,356899.76109004,741486.599661542
03C06,NO,03,DD11 3,QCC06,,359738.939793793,745192.426162133
03C03,NO,03,DD10 9,QCC03,,368322.301421791,759108.963543823
02C56,NO,02,DD9 7 (part),QBC56,,361368.522760056,770999.807999433
02C13,NO,02,AB32 7,QBC13,,374847.712368424,808507.463784994
28C06,NO,28,KA2 9 (part),REC06,,237254.585645349,634490.958682262
10C04,NO,10,KA1 4,QKC04,,242666.798493465,635843.964283522
22C07,NO,22,KA12 8,QYC07,,230078.196892376,640213.387653692
22C03,NO,22,KA11 3,QYC03,,235792.89886606,638567.326337921
02C03,NO,02,AB12 5 (part),QBC03,,387352.492599899,799147.456618285
01C18,NO,01,AB15 9,QAC18,,388474.234926483,803774.495863594
01C17,NO,01,AB15 8 (part),QAC17,,386054.435429973,806463.132184609
01C24,NO,01,AB21 9,QAC24,,387507.47039466,809926.487830869
02C52,NO,02,AB54 7 (part),QBC52,,354779.602318121,843871.592014853
02C05,NO,02,AB21 0 (part),QBC05,,386360.366101061,820214.798308307
02C07,NO,02,AB23 8 (part),QBC07,,394464.193352181,818681.21571027
02C21,NO,02,AB41 6,QBC21,,393635.180294747,824580.811896143
02C28,NO,02,AB42 3,QBC28,,409546.055456581,846159.312820551
21C05,NO,21,AB54 7 (part),QXC05,,355249.896843106,849881.703208949
02C52,NO,02,AB54 7 (part),QBC52,,360708.068668664,852352.469983887
21C10,NO,21,AB56 4 (part),QXC10,,348254.501191045,866200.306794244
02C37,NO,02,AB45 2 (part),QBC37,,358753.041342743,861154.813193821
02C47,NO,02,AB53 5,QBC47,,379321.439510075,854158.524914161
22C01,NO,22,KA11 1,QYC01,,234262.941838124,639417.19595232
22C09,NO,22,KA13 6,QYC09,,228778.190226895,644561.061593915
22C17,NO,22,KA21 6,QYC17,,226575.606285989,645458.831030067
22C10,NO,22,KA13 7 (part),QYC10,,233560.238783632,645269.415627335
10C12,NO,10,KA2 0 (part),QKC12,,239304.087792732,638023.397085281
10C14,NO,10,KA3 2 (part),QKC14,,241559.327608268,641140.31235669
22C28,NO,22,KA3 2 (part),QYC28,,239632.652857027,642735.627292819
02C29,NO,02,AB42 4,QBC29,,391005.747607337,849652.039826799
02C28,NO,02,AB42 3,QBC28,,408050.559373877,855496.279809973
02C32,NO,02,AB43 7,QBC32,,394370.682524235,862264.506099055
02C33,NO,02,AB43 8,QBC33,,402920.032259799,859765.465495129
24C03,NO,24,KW17 2,RAC03,,350833.703562715,1018302.75239012
24C03,NO,24,KW17 2,RAC03,,365206.010299556,1024767.70709578
24C03,NO,24,KW17 2,RAC03,,355839.298030955,1033873.68003798
27C02,NO,27,ZE2 9,RDC02,,450391.615113996,1140814.38045229
27C02,NO,27,ZE2 9,RDC02,,462373.626907183,1191393.31461412
27C02,NO,27,ZE2 9,RDC02,,460966.436912558,1208848.95304295
22C19,NO,22,KA22 8,QYC19,,222571.322332275,645209.72195699
22C18,NO,22,KA22 7,QYC18,,224324.859144412,645944.256622609
10C23,NO,10,KA6 6 (part),QKC23,,238886.02485814,615368.896554599
28C19,NO,28,KA9 1,REC19,,234917.119858246,626912.59465508
10C23,NO,10,KA6 6 (part),QKC23,,244949.572504373,619275.620670631
28C02,NO,28,KA10 6,REC02,,232922.510558625,630746.727317657
28C03,NO,28,KA10 7,REC03,,234550.980158944,631731.63744229
22C05,NO,22,KA11 5,QYC05,,233689.336072074,635717.292890457
22C04,NO,22,KA11 4,QYC04,,233701.098091236,637526.434827866
17C79,NO,17,G45 0,QSC79,,259787.207864528,658387.758449624
29C08,NO,29,G72 8,RFC08,,265460.908621516,659279.662509566
29C07,NO,29,G72 7,RFC07,,265649.375460715,660735.716165251
17C40,NO,17,G3 8,QSC40,,257135.201791229,665588.714559198
10C15,NO,10,KA3 3 (part),QKC15,,239140.444405734,645365.932886727
29C01,NO,29,EH46 7 (part),RFC01,,309802.570485249,646410.578753508
04C36,NO,04,PA47 7,QDC36,,118509.114339341,655357.884878901
04C35,NO,04,PA46 7,QDC35,,141826.619207819,669517.389158902
04C40,NO,04,PA61 7,QDC40,,135711.603921798,688676.269452062
04C30,NO,04,PA41 7,QDC30,,164698.474183674,649860.914169636
04C21,NO,04,PA31 8,QDC21,,169620.237289127,678642.845310555
04C43,NO,04,PA66 6,QDC43,,132471.748668836,721481.832175835
04C50,NO,04,PA76 6,QDC50,,127418.522466167,723902.458724537
04C24,NO,04,PA34 4,QDC24,,169918.753727142,704428.125100915
04C24,NO,04,PA34 4,QDC24,,176198.310030625,717516.050608665
32C10,NO,32,HS9 5,RJC10,,63243.1436511154,795653.292984371
32C09,NO,32,HS8 5,RJC09,,79391.6712584133,810621.257048727
04C48,NO,04,PA73 6,QDC48,,140975.518987363,739878.548547482
04C41,NO,04,PA64 6,QDC41,,173080.739401177,731507.521463946
18C91,NO,18,PH42 4,QTC91,,141212.284271317,779632.40359738
18C91,NO,18,PH42 4,QTC91,,127721.869376363,804271.635785657
18C91,NO,18,PH42 4,QTC91,,147153.550805844,786862.976109882
18C87,NO,18,PH38 4,QTC87,,164756.122995673,773891.131919135
22C26,NO,22,KA28 0,QYC26,,216911.011154677,656527.404002284
22C31,NO,22,PA17 5,QYC31,,221501.465723854,666367.993842384
19C14,NO,19,PA19 1,QUC14,,223232.074729076,676616.617616386
22C13,NO,22,KA15 2,QYC13,,237529.274248547,654813.370819853
13C13,NO,13,G78 4 (part),QNC13,,241848.556078903,655408.016301242
17C49,NO,17,G32 8,QSC49,,264084.653894451,662501.218029261
19C01,NO,19,PA11 3 (part),QUC01,,233586.128834471,665531.433638009
26C27,NO,26,PA9 1,RCC27,,240083.572927605,658848.724528779
26C04,NO,26,PA10 2 (part),RCC04,,238256.160244458,662643.188728728
26C05,NO,26,PA11 3 (part),RCC05,,238572.509379532,665706.825644607
26C20,NO,26,PA5 0,RCC20,,242267.628519797,661492.850952677
26C21,NO,26,PA5 8,RCC21,,242375.631181548,663503.246285938
26C15,NO,26,PA3 3,RCC15,,244936.624725378,665660.58087812
13C08,NO,13,G77 5,QNC08,,255467.13540771,655631.861848477
29C20,NO,29,G75 0,RFC20,,264208.126146219,650110.889231009
29C23,NO,29,G76 9 (part),RFC23,,261885.966255357,657119.435776891
29C18,NO,29,G74 4,RFC18,,264145.201315521,656652.436011987
13C10,NO,13,G78 1 (part),QNC10,,250031.651806881,659429.405523079
26C10,NO,26,PA2 7,RCC10,,249890.468345637,662010.47295582
13C02,NO,13,G46 6,QNC02,,256357.718946531,658597.061517211
17C96,NO,17,G53 7 (part),QSC96,,252205.330666891,660941.147087541
26C14,NO,26,PA3 2,RCC14,,247880.604968054,666315.943826897
26C16,NO,26,PA3 4,RCC16,,250341.133719501,665506.354644328
17C15,NO,17,G14 0 (part),QSC15,,252421.127063843,667856.987969786
26C24,NO,26,PA7 5,RCC24,,243477.369848057,671007.961792587
26C07,NO,26,PA14 6 (part),RCC07,,238453.16169166,672081.223342282
07C12,NO,07,G82 4,QGC12,,238122.012858499,677759.076625393
07C02,NO,07,G60 5,QGC02,,246072.170825707,673589.093006016
07C10,NO,07,G82 2,QGC10,,243343.160318032,675680.162552776
04C01,NO,04,G82 5 (part),QDC01,,234224.147998836,679685.299722093
26C19,NO,26,PA4 9,RCC19,,247072.829263918,668641.967144423
07C07,NO,07,G81 5 (part),QGC07,,248676.28999222,675275.258621558
11C06,NO,11,G62 7,QLC06,,252742.423884861,676014.999924899
30C20,NO,30,G62 8 (part),RGC20,,255019.068993731,677274.397606858
29C16,NO,29,G74 2,RFC16,,265088.791185724,654078.272089901
17C37,NO,17,G23 5 (part),QSC37,,257742.926874963,671067.210018124
11C08,NO,11,G64 1 (part),QLC08,,262231.875360232,670032.721906323
11C09,NO,11,G64 2 (part),QLC09,,260407.893924916,671469.753776398
11C05,NO,11,G62 6 (part),QLC05,,257303.395326362,674449.372731682
11C11,NO,11,G64 4,QLC11,,260759.669181206,674424.323346131
11C16,NO,11,G66 4,QLC16,,263869.754924224,672308.993934041
04C15,NO,04,PA25 8,QDC15,,212318.025598249,705497.617677223
29C33,NO,29,ML3 8,RFC33,,269547.374023675,652968.819255109
29C06,NO,29,G72 0,RFC06,,267477.003599911,655294.524136646
29C34,NO,29,ML3 9,RFC34,,269844.940512675,655450.891427197
29C38,NO,29,ML9 2,RFC38,,277127.584753611,651429.172927244
23C23,NO,23,ML2 0,QZC23,,278455.061286134,653606.485352666
23C24,NO,23,ML2 7,QZC24,,278326.548877992,656237.280785008
23C26,NO,23,ML2 9 (part),QZC26,,284328.118215046,655846.088635969
29C09,NO,29,G72 9,RFC09,,268386.627564429,659173.523767024
29C05,NO,29,G71 8 (part),RFC05,,270387.785792399,659069.020352009
23C21,NO,23,ML1 4,QZC21,,276410.611040362,659963.111357941
25C29,NO,25,PH2 8,RBC29,,312318.607318698,722065.184944355
17C102,NO,17,G71 7 (part),QSC102,,267710.001211634,662785.137362533
23C16,NO,23,G71 6 (part),QZC16,,269849.656314057,661556.925994247
23C15,NO,23,G71 5,QZC15,,270726.37059653,662408.13762751
17C101,NO,17,G69 8 (part),QSC101,,268063.460197887,667064.696730082
23C33,NO,23,ML5 4,QZC33,,274587.072663341,662766.185178799
23C39,NO,23,ML6 9,QZC39,,276227.308364555,664052.53236606
29C35,NO,29,ML8 4,RFC35,,288218.644995385,649963.110940826
31C06,NO,31,EH47 9 (part),RHC06,,293372.260704153,658524.719535275
31C20,NO,31,EH54 9,RHC20,,305929.602743203,664687.40642809
31C17,NO,31,EH54 6,RHC17,,305103.109499929,667291.761580821
23C13,NO,23,G69 8 (part),QZC13,,270413.953480052,669295.871947881
11C15,NO,11,G66 3,QLC15,,268538.79651289,672986.099718987
11C14,NO,11,G66 2,QLC14,,269550.141666641,675190.485173383
23C10,NO,23,G68 9 (part),QZC10,,272801.941368177,674012.746567342
23C06,NO,23,G67 2,QZC06,,276434.915192173,674431.764580969
23C09,NO,23,G68 0 (part),QZC09,,275573.533735025,676507.585331176
23C07,NO,23,G67 3 (part),QZC07,,279694.745495127,674713.352399869
23C02,NO,23,G65 0 (part),QZC02,,272950.914000082,680531.069717288
18C20,NO,18,IV21 2,QTC20,,178667.024771995,874434.622040513
30C10,NO,30,FK6 5 (part),RGC10,,273396.507441178,685030.898815776
15C22,NO,15,FK6 6 (part),QQC22,,280532.783440543,684122.508522495
15C20,NO,15,FK5 4 (part),QQC20,,285057.305534659,683652.716127852
30C07,NO,30,FK2 8 (part),RGC07,,285302.303042427,687148.582472085
31C19,NO,31,EH54 8,RHC19,,303109.17584717,669278.388747073
31C16,NO,31,EH54 5,RHC16,,306149.513409313,668950.545808548
15C02,NO,15,EH49 7 (part),QQC02,,303663.28607955,679114.611173723
15C13,NO,15,FK2 9,QQC13,,290826.141204093,679631.535694499
15C15,NO,15,FK3 8,QQC15,,292229.992168118,681807.752455922
15C02,NO,15,EH49 7 (part),QQC02,,297602.207287605,679354.530037928
05C01,NO,05,EH26 9 (part),QEC01,,315607.338053162,656884.84086703
25C10,NO,25,KY6 3 (part),RBC10,,320499.068849461,702324.205080882
16C41,NO,16,KY6 2,QRC41,,325851.029082015,699808.096582412
14C40,NO,14,EH27 8 (part),QPC40,,313273.457147726,667918.913731768
14C25,NO,14,EH14 6,QPC25,,319376.811992984,666316.422023801
14C24,NO,14,EH14 5,QPC24,,318468.929989391,668354.429914623
20C01,NO,20,EH10 7 (part),QWC01,,325215.339637828,666061.860462832
20C12,NO,20,EH24 9,QWC12,,329045.651471226,661227.173708433
20C02,NO,20,EH18 1 (part),QWC02,,329782.627920785,665707.987785364
20C04,NO,20,EH19 3,QWC04,,331728.527491081,664000.299497347
14C34,NO,14,EH17 8 (part),QPC34,,328548.992938126,667917.296257442
12C04,NO,12,EH22 2 (part),QMC04,,336035.175494631,669104.893801528
12C11,NO,12,EH35 5,QMC11,,341727.483609304,666551.022591241
31C13,NO,31,EH52 5 (part),RHC13,,308273.086794471,670836.68669359
14C23,NO,14,EH14 4,QPC23,,316933.020511172,668979.47826419
14C41,NO,14,EH28 8,QPC41,,313738.15474539,671364.846878634
31C14,NO,31,EH52 6 (part),RHC14,,308519.149592761,677239.446681496
31C02,NO,31,EH30 9 (part),RHC02,,308653.43117643,678553.161796266
14C12,NO,14,EH12 0,QPC12,,316826.839371489,674260.369720978
14C48,NO,14,EH30 9 (part),QPC48,,314491.860297672,677184.526495978
14C10,NO,14,EH11 3,QPC10,,320957.268676542,671575.369027072
14C64,NO,14,EH6 7,QPC64,,327738.050651729,676473.79810512
16C11,NO,16,KY11 1,QRC11,,313260.171994346,682524.736258182
16C13,NO,16,KY11 3,QRC13,,308442.566202775,684520.994528575
16C12,NO,16,KY11 2,QRC12,,311127.943029918,682920.624018455
16C16,NO,16,KY11 8,QRC16,,312312.157573978,686126.45085721
16C15,NO,16,KY11 7,QRC15,,314731.506529815,686088.68465652
20C06,NO,20,EH22 1 (part),QWC06,,332102.527505998,669269.500979907
12C03,NO,12,EH21 8 (part),QMC03,,335656.26483177,670892.874625169
12C07,NO,12,EH32 9,QMC07,,338961.783095586,674412.954788251
30C12,NO,30,FK7 7 (part),RGC12,,283250.247454742,691323.146576221
06C05,NO,06,FK11 7,QFC05,,285154.627104054,696461.440676422
25C03,NO,25,FK15 0 (part),RBC03,,283957.849181546,706548.635767597
06C04,NO,06,FK10 4 (part),QFC04,,291259.009493263,690995.267166921
06C01,NO,06,FK10 1,QFC01,,288188.940363346,692530.903345411
06C07,NO,06,FK13 6,QFC07,,292824.148942964,696158.792527096
16C03,NO,16,FK10 3 (part),QRC03,,298595.988056825,690202.580090138
25C02,NO,25,FK14 7 (part),RBC02,,300092.215899737,696660.462369082
06C06,NO,06,FK12 5,QFC06,,287918.343704617,699358.453121033
25C09,NO,25,KY4 0 (part),RBC09,,312928.849388632,696435.360768143
16C38,NO,16,KY5 8,QRC38,,317026.644142201,696795.073951788
16C31,NO,16,KY2 6,QRC31,,325338.701024798,694896.799842897
16C43,NO,16,KY7 4,QRC43,,328226.451547052,699433.337512591
16C42,NO,16,KY6 3 (part),QRC42,,323397.70066216,702491.167117724
16C07,NO,16,KY1 3,QRC07,,328499.130493978,695185.638840034
16C51,NO,16,KY8 6,QRC51,,344100.465598367,703069.683495364
25C08,NO,25,KY14 6 (part),RBC08,,320362.004506298,717155.732387411
04C25,NO,04,PA34 5 (part),QDC25,,186703.179585916,732084.827884765
04C28,NO,04,PA37 1,QDC28,,192368.518808372,731948.463286062
09C10,NO,09,DD2 5 (part),QJC10,,335039.985527619,732614.127570581
09C21,NO,09,DD5 1,QJC21,,344449.613403115,731314.184994037
09C23,NO,09,DD5 3 (part),QJC23,,346677.373563122,732843.789308068
09C19,NO,09,DD4 8,QJC19,,343677.172507285,732549.723609831
03C24,NO,03,PH12 8 (part),QCC24,,330437.294149206,741184.009944855
03C24,NO,03,PH12 8 (part),QCC24,,329836.069893667,747930.603322352
32C07,NO,32,HS6 5,RJC07,,86329.5735791766,856705.955350431
32C07,NO,32,HS6 5,RJC07,,91442.9439508758,881984.980347133
18C38,NO,18,IV47 8,QTC38,,144917.866007683,814259.379172449
18C39,NO,18,IV48 8,QTC39,,152491.041448896,829729.866284782
18C43,NO,18,IV52 8,QTC43,,181147.062193993,831816.059222306
18C31,NO,18,IV40 8,QTC31,,162198.072556301,857977.165175377
32C04,NO,32,HS3 3,RJC04,,97046.702235371,915070.339640095
32C05,NO,32,HS4 3,RJC05,,122867.377328928,895785.654736473
32C01,NO,32,HS1 2,RJC01,,142793.348843611,933368.72303825
18C44,NO,18,IV53 8,QTC44,,186497.860809544,832865.911219116
18C41,NO,18,IV5 7,QTC41,,255210.268861249,843095.26330496
18C14,NO,18,IV2 3,QTC14,,267926.717896243,844695.651141847
21C19,NO,21,IV36 1,QXC19,,303227.157916355,858626.883398797
21C14,NO,21,IV30 5,QXC14,,323810.396035734,864681.275092219
18C62,NO,18,KW2 6,QTC62,,331701.631427426,941167.701666718
24C02,NO,24,KW16 3,RAC02,,325819.075113773,1005427.10038991
24C02,NO,24,KW16 3,RAC02,,335988.321014016,994099.195569085
24C03,NO,24,KW17 2,RAC03,,344381.413839084,1026141.10428197
24C03,NO,24,KW17 2,RAC03,,347097.248109669,1029784.71161524
12C15,NO,12,EH40 3,QMC15,,358207.480589214,679206.744176504
03C14,NO,03,DD7 6,QCC14,,355981.309301496,736897.590207753
02C19,NO,02,AB39 2,QBC19,,385468.379572813,781240.442969751
01C12,NO,01,AB14 0 (part),QAC12,,381655.552526762,801983.236192104
02C04,NO,02,AB15 8 (part),QBC04,,383227.726599502,808631.621176709
02C02,NO,02,AB12 4,QBC02,,392179.11388015,797767.614422475
01C09,NO,01,AB12 3 (part),QAC09,,394759.509914839,802098.869591472
02C05,NO,02,AB21 0 (part),QBC05,,381332.440124863,811884.524971779
01C22,NO,01,AB21 0 (part),QAC22,,385385.8936398,813296.021925358
01C25,NO,01,AB22 8,QAC25,,391551.466985365,811388.343336055
01C26,NO,01,AB23 8 (part),QAC26,,394329.636184694,812520.968442601
02C06,NO,02,AB21 7 (part),QBC06,,389922.225022867,816135.959676871
02C26,NO,02,AB42 1,QBC26,,412485.076558158,846653.028099749
02C54,NO,02,AB56 4 (part),QBC54,,353895.978245985,864973.339737145
02C31,NO,02,AB43 6,QBC31,,391804.046973791,865272.751751137
24C03,NO,24,KW17 2,RAC03,,349434.896653189,1052197.29345595
24C03,NO,24,KW17 2,RAC03,,376383.422081864,1053916.87098873
27C02,NO,27,ZE2 9,RDC02,,421037.336117498,1071961.59903864
27C03,NO,27,ZE3 9,RDC03,,439751.215040775,1111378.38912787
27C02,NO,27,ZE2 9,RDC02,,438062.535990148,1132373.01566688
27C02,NO,27,ZE2 9,RDC02,,436846.928972692,1133016.33021413
27C02,NO,27,ZE2 9,RDC02,,395932.656118241,1139161.87848467
27C02,NO,27,ZE2 9,RDC02,,416659.440516399,1160864.19119464
27C01,NO,27,ZE1 0,RDC01,,440620.87478317,1140969.40705239
27C01,NO,27,ZE1 0,RDC01,,445980.65780556,1141134.41222823
27C02,NO,27,ZE2 9,RDC02,,431810.939137483,1164877.17810625
27C02,NO,27,ZE2 9,RDC02,,456398.299593596,1163897.10097739
04C18,NO,04,PA28 6,QDC18,,172618.205305888,604377.62561527
08C32,NO,08,DG9 7,QHC32,,206071.705865754,560218.110313699
22C16,NO,22,KA21 5,QYC16,,225014.488710291,641666.708321483
22C14,NO,22,KA20 3,QYC14,,226620.152614285,641471.685580468
10C24,NO,10,KA6 7 (part),QKC24,,238949.393852505,614533.29037207
28C13,NO,28,KA7 2,REC13,,233721.151159287,620599.743469583
28C14,NO,28,KA7 3,REC14,,235118.656967803,620440.392761892
28C17,NO,28,KA8 8,REC17,,234031.004393805,623244.359642358
28C16,NO,28,KA8 0,REC16,,235315.136909002,622107.092646154
28C18,NO,28,KA8 9,REC18,,234967.901476757,623201.259638661
28C09,NO,28,KA5 5 (part),REC09,,242341.471684388,622822.888659841
10C08,NO,10,KA18 1,QKC08,,255918.533778684,619219.730726876
10C02,NO,10,KA1 2,QKC02,,241924.835649122,638016.546938209
10C03,NO,10,KA1 3,QKC03,,243483.907138113,636644.920725754
26C13,NO,26,PA3 1,RCC13,,246866.783237027,664531.822198517
22C08,NO,22,KA12 9,QYC08,,232344.103507506,640662.69770699
22C06,NO,22,KA12 0,QYC06,,232699.436610291,639208.339713089
10C13,NO,10,KA3 1,QKC13,,242818.58086332,639140.446733991
10C19,NO,10,KA3 7,QKC19,,243920.893762862,638607.507798557
08C35,NO,08,ML12 6 (part),QHC35,,287305.826784638,612803.801188379
04C43,NO,04,PA66 6,QDC43,,129814.528033522,719755.218463577
04C24,NO,04,PA34 4,QDC24,,176618.581355268,708134.434628394
32C10,NO,32,HS9 5,RJC10,,55914.0941840938,780105.204608699
04C48,NO,04,PA73 6,QDC48,,136386.577503891,741118.585904718
18C85,NO,18,PH36 4,QTC85,,162025.954584354,758875.683965489
18C37,NO,18,IV46 8,QTC37,,158748.893484267,809747.956188159
22C27,NO,22,KA29 0,QYC27,,220957.537596351,655233.082785515
22C30,NO,22,KA30 9,QYC30,,220904.931042293,659674.924526775
18C40,NO,18,IV49 9,QTC40,,167443.31646712,827082.394406432
19C13,NO,19,PA18 6,QUC13,,220380.712587977,669266.146751981
19C10,NO,19,PA16 7,QUC10,,225847.329367266,676880.045057833
19C11,NO,19,PA16 8,QUC11,,226667.745857446,676750.044825718
22C11,NO,22,KA14 3,QYC11,,232539.574532267,653007.882779619
26C22,NO,26,PA5 9,RCC22,,244368.595701566,662449.284880903
26C08,NO,26,PA2 0,RCC08,,245598.807594383,661731.64454668
26C12,NO,26,PA2 9,RCC12,,246636.378192296,662696.515135716
26C02,NO,26,PA1 2,RCC02,,246233.288648761,663963.507641654
13C11,NO,13,G78 2,QNC11,,250465.573938286,658087.052395458
13C06,NO,13,G76 7,QNC06,,256625.948430282,657254.798156771
13C03,NO,13,G46 7 (part),QNC03,,255441.880372811,658999.8308491
29C21,NO,29,G75 8,RFC21,,261071.139431459,653303.386426061
29C15,NO,29,G74 1,RFC15,,262995.061285616,654359.574202645
29C19,NO,29,G74 5,RFC19,,258629.264356182,654512.049185557
13C07,NO,13,G76 8 (part),QNC07,,258094.973973622,656733.932571477
02C36,NO,02,AB45 1,QBC36,,368538.284094835,863944.329693289
02C35,NO,02,AB44 1,QBC35,,370827.075859983,864338.41350584
02C34,NO,02,AB43 9,QBC34,,399098.170079996,866436.445175859
24C03,NO,24,KW17 2,RAC03,,367388.858216229,1016178.16324402
27C02,NO,27,ZE2 9,RDC02,,423124.33930449,1146348.82991249
27C01,NO,27,ZE1 0,RDC01,,439436.767129861,1136976.71697368
27C02,NO,27,ZE2 9,RDC02,,467708.486452713,1171568.5909357
29C17,NO,29,G74 3,RFC17,,265213.886855716,655378.088359301
26C09,NO,26,PA2 6,RCC09,,248262.52960442,662714.784176565
26C01,NO,26,PA1 1,RCC01,,248913.239864579,663834.150787003
26C03,NO,26,PA1 3,RCC03,,250498.753943007,664193.615577587
17C104,NO,17,G78 1 (part),QSC104,,252426.000643634,658904.529303656
17C95,NO,17,G53 6,QSC95,,253073.973208225,660801.447141057
17C82,NO,17,G46 8 (part),QSC82,,254384.553370674,659554.604075806
17C74,NO,17,G43 1,QSC74,,255097.5407079,661086.074600213
17C75,NO,17,G43 2,QSC75,,256995.911764253,660573.732460486
17C94,NO,17,G53 5,QSC94,,253000.30798028,662434.540872055
26C19,NO,26,PA4 9,RCC19,,249979.131676779,668191.908215877
17C92,NO,17,G52 3,QSC92,,252792.209443247,663539.049898352
17C68,NO,17,G41 4,QSC68,,255941.943321131,662600.376755051
17C90,NO,17,G52 1,QSC90,,254463.091726292,663401.0638223
17C69,NO,17,G41 5,QSC69,,256422.479723782,663668.546709856
26C17,NO,26,PA4 0,RCC17,,250663.497887209,666486.118579508
26C18,NO,26,PA4 8,RCC18,,250400.199404533,667245.984747252
17C91,NO,17,G52 2,QSC91,,252794.884365024,664591.043034613
17C89,NO,17,G51 4 (part),QSC89,,253494.345266218,665848.380193414
17C86,NO,17,G51 1,QSC86,,256583.656937907,664584.02221926
17C13,NO,17,G13 3,QSC13,,252854.632354386,669108.985459021
17C11,NO,17,G13 1,QSC11,,254266.216529919,668761.098934276
17C06,NO,17,G11 6,QSC06,,255565.962315789,666449.978232954
17C08,NO,17,G12 0,QSC08,,255758.251960309,668289.790872162
04C18,NO,04,PA28 6,QDC18,,175853.336636395,620233.648782784
17C28,NO,17,G20 8,QSC28,,256819.560857945,668291.552090733
17C76,NO,17,G44 3 (part),QSC76,,258054.478460782,660038.637645407
17C78,NO,17,G44 5,QSC78,,259475.938453066,660157.214434301
29C13,NO,29,G73 4 (part),RFC13,,261698.438002851,659765.93386621
29C14,NO,29,G73 5,RFC14,,262719.236783227,659505.986714595
17C77,NO,17,G44 4 (part),QSC77,,259088.589679852,661008.002488111
17C70,NO,17,G42 0,QSC70,,259769.96590792,662001.304598993
29C10,NO,29,G73 1 (part),RFC10,,261438.647178854,662234.833164102
17C83,NO,17,G5 0 (part),QSC83,,259605.965767043,663369.577136882
17C64,NO,17,G40 4,QSC64,,261288.141913613,663005.694356412
17C48,NO,17,G32 7,QSC48,,264219.379254389,663976.311499033
17C50,NO,17,G32 9,QSC50,,265348.527012875,663305.143402838
17C58,NO,17,G34 9,QSC58,,267406.02623924,665848.698361302
17C59,NO,17,G4 0,QSC59,,259697.25163821,665913.948226121
17C43,NO,17,G31 3,QSC43,,261957.979554359,665637.415134071
17C38,NO,17,G3 6,QSC38,,257744.000520796,666265.967590114
17C34,NO,17,G22 5,QSC34,,259172.358408956,667679.317316487
17C29,NO,17,G20 9,QSC29,,257758.377025271,668553.480598231
17C35,NO,17,G22 6,QSC35,,259169.422828999,668587.41939024
17C31,NO,17,G21 2,QSC31,,261457.056746564,666517.939776025
17C30,NO,17,G21 1,QSC30,,260162.641392545,667514.814417444
17C32,NO,17,G21 3,QSC32,,261887.439929085,668473.867111751
17C46,NO,17,G32 0,QSC46,,265605.238229396,664359.224024798
17C52,NO,17,G33 2,QSC52,,263512.006012536,666377.940113047
17C53,NO,17,G33 3,QSC53,,264595.147582869,666289.821703454
17C51,NO,17,G33 1,QSC51,,263597.400309384,668245.543607689
17C55,NO,17,G33 5,QSC55,,265647.791902829,666953.927241649
19C03,NO,19,PA14 5,QUC03,,232428.108027929,674109.966237613
19C08,NO,19,PA15 4,QUC08,,227764.338816421,675611.581063003
19C06,NO,19,PA15 2,QUC06,,230019.46244631,675180.202344451
19C05,NO,19,PA15 1,QUC05,,228145.937726982,676138.452555622
07C09,NO,07,G82 1,QGC09,,240874.738861196,674707.365979514
07C11,NO,07,G82 3,QGC11,,240959.367555092,676265.231563562
04C05,NO,04,G84 7,QDC05,,230631.642776129,682195.154961581
07C14,NO,07,G83 0,QGC14,,238921.530910411,680447.017500401
07C15,NO,07,G83 8 (part),QGC15,,238027.292863875,687203.991185988
26C26,NO,26,PA8 7,RCC26,,247393.488440533,669739.122439143
07C03,NO,07,G81 1 (part),QGC03,,250217.955381491,669850.8645149
07C04,NO,07,G81 2,QGC04,,250287.384687755,670923.961639052
07C06,NO,07,G81 4,QGC06,,248048.835673975,671660.130792734
07C05,NO,07,G81 3,QGC05,,249072.369110769,671711.93334309
07C08,NO,07,G81 6,QGC08,,249247.077650677,672919.922119762
17C19,NO,17,G15 8,QSC19,,251538.216551391,671387.827791925
17C12,NO,17,G13 2,QSC12,,253762.187052891,669687.909256149
28C08,NO,28,KA26 9,REC08,,201981.461746313,599746.135951025
11C01,NO,11,G61 1 (part),QLC01,,254289.236201919,670746.240469307
17C25,NO,17,G20 0,QSC25,,256228.115197431,669637.950531865
11C04,NO,11,G61 4,QLC04,,253143.872296279,672916.626523904
11C02,NO,11,G61 2,QLC02,,255515.619674278,671432.322183653
17C36,NO,17,G22 7,QSC36,,259345.20348777,669517.217654762
04C03,NO,04,G83 8 (part),QDC03,,236684.271016179,691270.474154349
29C37,NO,29,ML9 1,RFC37,,275605.726014668,650481.427926159
29C31,NO,29,ML3 6,RFC31,,271910.518418239,655299.843885339
29C30,NO,29,ML3 0,RFC30,,271472.554794265,656750.432220287
23C19,NO,23,ML1 2,QZC19,,276246.89707306,655531.914913766
22C15,NO,22,KA20 4,QYC15,,226176.389527088,642311.353885752
23C20,NO,23,ML1 3,QZC20,,273670.297619657,657789.428883749
23C28,NO,23,ML4 2,QZC28,,273859.964483055,659550.498208152
23C18,NO,23,ML1 1,QZC18,,275551.712487832,657249.221014366
23C25,NO,23,ML2 8,QZC25,,281215.278823765,654910.525318781
29C04,NO,29,G71 7 (part),RFC04,,269624.344925349,660625.932314208
23C29,NO,23,ML4 3,QZC29,,272346.860945491,660752.22612505
23C34,NO,23,ML5 5,QZC34,,271799.74620072,663635.415740241
23C27,NO,23,ML4 1,QZC27,,274245.570773729,660739.355498243
17C99,NO,17,G69 6,QSC99,,267879.393018904,664532.942632422
17C57,NO,17,G34 0,QSC57,,269060.797563052,665635.21435613
23C36,NO,23,ML6 6,QZC36,,276446.806901258,666219.538587812
31C05,NO,31,EH47 8,RHC05,,297368.596279269,662365.090130928
31C05,NO,31,EH47 8,RHC05,,295542.429860991,664487.555645448
31C07,NO,31,EH48 1,RHC07,,298648.498745512,668469.64562693
31C18,NO,31,EH54 7,RHC18,,303830.270745935,666594.129005027
23C14,NO,23,G69 9 (part),QZC14,,268290.67580385,669470.925027782
23C11,NO,23,G69 0,QZC11,,268852.508592819,670947.511081034
23C05,NO,23,G67 1,QZC05,,275644.835124493,674594.66133901
15C08,NO,15,FK1 4,QQC08,,286496.787636002,680409.643110521
15C09,NO,15,FK1 5,QQC09,,287785.640734289,679490.80458832
15C19,NO,15,FK5 3,QQC19,,286868.356194305,681920.735660953
31C22,NO,31,FK1 2 (part),RHC22,,291527.449536306,671634.995187289
14C69,NO,14,EH8 7,QPC69,,328861.582329903,673651.445872753
12C01,NO,12,EH21 6,QMC01,,333432.537759417,672396.337813648
15C01,NO,15,EH49 6 (part),QQC01,,295909.134372008,675967.770252035
15C05,NO,15,FK1 1,QQC05,,289307.518626929,679788.39350932
15C11,NO,15,FK2 7,QQC11,,288705.819185547,681476.339696316
15C16,NO,15,FK3 9,QQC16,,294410.381398347,681318.777786035
15C03,NO,15,EH51 0,QQC03,,298545.442181049,680870.631880974
31C15,NO,31,EH53 0 (part),RHC15,,308840.377151208,667717.808835256
20C05,NO,20,EH20 9,QWC05,,327631.003015592,665849.881241154
14C07,NO,14,EH10 7 (part),QPC07,,324624.579047279,667990.919229717
20C03,NO,20,EH19 2,QWC03,,330538.952519415,665270.722161855
20C08,NO,20,EH22 3,QWC08,,332718.09791883,666363.810177622
14C33,NO,14,EH17 7,QPC33,,328897.744438494,669411.607688058
20C09,NO,20,EH22 4,QWC09,,333917.492148929,664759.269283922
20C10,NO,20,EH22 5,QWC10,,335093.89533627,664767.853499531
14C60,NO,14,EH53 0 (part),QPC60,,310907.658601612,670373.730264058
14C21,NO,14,EH14 2,QPC21,,320799.86506592,670267.88396049
14C11,NO,14,EH11 4,QPC11,,318837.048263322,671077.886375629
14C20,NO,14,EH14 1,QPC20,,322491.837321931,670808.616882661
14C05,NO,14,EH10 5,QPC05,,323802.35499043,670681.078219105
14C15,NO,14,EH12 7,QPC15,,319995.557486975,672413.935739872
14C16,NO,14,EH12 8,QPC16,,318850.673791021,673365.611770219
14C55,NO,14,EH4 7,QPC55,,319906.686623707,674590.932751469
14C14,NO,14,EH12 6,QPC14,,321365.765925184,673478.993029335
14C28,NO,14,EH15 2,QPC28,,331646.670248653,672990.605989698
14C13,NO,14,EH12 5,QPC13,,322420.630178863,672894.33727681
14C51,NO,14,EH4 3,QPC51,,322032.296497208,674143.822850569
14C06,NO,14,EH10 6,QPC06,,325030.696047951,669508.189929741
14C32,NO,14,EH16 6,QPC32,,327020.699087786,669107.418744367
14C31,NO,14,EH16 5,QPC31,,327547.226128178,671441.683553419
14C47,NO,14,EH3 9,QPC47,,325219.964094028,672854.514966361
14C73,NO,14,EH9 2,QPC73,,325867.611825645,671550.748072535
14C70,NO,14,EH8 8,QPC70,,327312.947786918,673420.213855599
14C54,NO,14,EH4 6,QPC54,,319029.204662203,675730.525231355
14C53,NO,14,EH4 5,QPC53,,320696.809293089,676331.483967879
14C50,NO,14,EH4 2,QPC50,,322584.802837799,674945.691379685
14C57,NO,14,EH5 1,QPC57,,323007.370956823,677038.559578824
14C49,NO,14,EH4 1,QPC49,,323812.867447527,674915.981253155
14C63,NO,14,EH6 6,QPC63,,326467.476771212,676887.592421067
16C17,NO,16,KY11 9,QRC17,,315570.108895184,683458.837281626
16C19,NO,16,KY12 7,QRC19,,309912.823148084,687352.316458225
16C14,NO,16,KY11 4,QRC14,,311131.468010724,687088.989405921
16C33,NO,16,KY3 9,QRC33,,323683.329525721,686103.861745285
14C30,NO,14,EH16 4 (part),QPC30,,329339.660554852,670808.159218121
14C29,NO,14,EH15 3,QPC29,,329992.123378812,672325.276682613
16C44,NO,16,KY7 5,QRC44,,328117.848779283,701116.400143848
16C06,NO,16,KY1 2,QRC06,,329475.442341146,693379.977502332
14C68,NO,14,EH7 6,QPC68,,328644.467756839,674774.721060777
12C05,NO,12,EH31 2,QMC05,,348300.967426962,683065.996129427
30C11,NO,30,FK7 0,RGC11,,280068.400507574,690870.820136842
30C16,NO,30,FK8 2,RGC16,,279360.864115023,692630.296563791
30C15,NO,30,FK8 1,RGC15,,279375.57085864,694418.460150513
15C23,NO,15,FK7 7 (part),QQC23,,287298.127135527,690632.529635014
06C09,NO,06,KY13 0 (part),QFC09,,301028.639589174,700450.595196162
16C36,NO,16,KY4 9,QRC36,,316117.101216434,691767.631179763
16C39,NO,16,KY5 9,QRC39,,318329.640129292,694040.207514261
16C05,NO,16,KY1 1,QRC05,,327779.368351525,690950.500751721
25C06,NO,25,KY13 8,RBC06,,311186.828778689,702545.092541973
16C46,NO,16,KY8 1,QRC46,,335509.402426227,698739.823339437
16C48,NO,16,KY8 3,QRC48,,336996.74982746,699494.852343967
16C47,NO,16,KY8 2,QRC47,,336229.799220325,700195.700150502
25C12,NO,25,PH1 2,RBC12,,309525.382493076,724682.44072515
25C15,NO,25,PH1 5,RBC15,,311319.714642803,724439.921212007
09C06,NO,09,DD2 1,QJC06,,337259.505787575,729966.497862494
18C93,NO,18,PH50 4,QTC93,,218457.852631951,761976.944797565
09C07,NO,09,DD2 2,QJC07,,337640.711807815,731187.030482783
09C08,NO,09,DD2 3,QJC08,,337733.623012206,732536.911902777
09C15,NO,09,DD3 9,QJC15,,338027.856097855,734020.38828186
09C12,NO,09,DD3 6,QJC12,,339202.528464577,731332.726471831
09C17,NO,09,DD4 6,QJC17,,341385.07456003,731130.787040911
09C18,NO,09,DD4 7,QJC18,,342450.083963346,731683.058768099
09C14,NO,09,DD3 8,QJC14,,339344.468895834,732659.746544106
09C20,NO,09,DD4 9,QJC20,,341912.224153627,733758.282553445
09C22,NO,09,DD5 2,QJC22,,347238.103146003,731391.542738612
09C16,NO,09,DD4 0 (part),QJC16,,343733.024382104,733358.976529359
32C06,NO,32,HS5 3,RJC06,,97727.4790917762,883642.185127254
32C06,NO,32,HS5 3,RJC06,,97862.6928958968,886178.696125589
18C21,NO,18,IV22 2,QTC21,,185056.431283668,888320.570955102
18C15,NO,18,IV2 4,QTC15,,266558.621919041,843154.155538614
18C28,NO,18,IV3 5,QTC28,,265733.860126758,844570.690525565
18C29,NO,18,IV3 8,QTC29,,265669.687973311,846394.266121597
18C01,NO,18,IV1 1,QTC01,,267195.671710022,846328.538909019
18C05,NO,18,IV12 4,QTC05,,287634.215170378,856452.600216507
21C15,NO,21,IV30 6,QXC15,,322229.398289003,861790.987965086
21C12,NO,21,IV30 1,QXC12,,321711.993242764,862719.495932051
21C13,NO,21,IV30 4,QXC13,,321505.540448833,863756.470757677
21C09,NO,21,AB56 1,QXC09,,342724.499498148,865405.708252037
18C25,NO,18,IV26 2,QTC25,,198890.520832295,907447.146186936
24C03,NO,24,KW17 2,RAC03,,344397.775336174,1022098.71781608
12C13,NO,12,EH39 4,QMC13,,355049.301188333,685012.998598854
08C24,NO,08,DG7 2,QHC24,,257149.833760435,549351.386056441
03C13,NO,03,DD5 4 (part),QCC13,,349241.108157035,732592.925106571
03C04,NO,03,DD11 1,QCC04,,364131.33000599,741048.611135287
03C01,NO,03,AB30 1 (part),QCC01,,364980.811046154,765450.510577981
03C02,NO,03,DD10 8,QCC02,,371893.183768235,757912.517757513
01C11,NO,01,AB13 0,QAC11,,385183.398629644,802264.955273109
01C10,NO,01,AB12 5 (part),QAC10,,393461.599556375,803265.03647675
01C16,NO,01,AB15 7,QAC16,,391166.779614812,804399.430981759
01C15,NO,01,AB15 6,QAC15,,390414.115262383,806241.502285865
01C03,NO,01,AB10 7,QAC03,,392137.026670291,803733.553840793
01C02,NO,01,AB10 6,QAC02,,392650.905149851,805019.690249573
01C13,NO,01,AB15 4,QAC13,,391857.455913694,805571.104782165
01C07,NO,01,AB11 8,QAC07,,395230.507268313,804722.754107586
01C04,NO,01,AB11 5,QAC04,,395010.175714918,806071.144717258
01C08,NO,01,AB11 9,QAC08,,395981.532964579,805137.758228544
01C20,NO,01,AB16 6,QAC20,,389687.718755217,807275.127679575
01C19,NO,01,AB16 5,QAC19,,391149.078374746,807696.13313101
01C33,NO,01,AB25 2,QAC33,,392568.122805965,806744.140614145
01C31,NO,01,AB24 5,QAC31,,394769.089961457,807153.974214596
01C28,NO,01,AB24 2,QAC28,,392724.024032266,809035.083442874
02C40,NO,02,AB51 3,QBC40,,377413.312210809,820892.960707993
01C23,NO,01,AB21 7 (part),QAC23,,388746.250629091,812949.749767194
02C41,NO,02,AB51 4,QBC41,,376524.53841227,822194.483577284
02C24,NO,02,AB41 9,QBC24,,395367.7616682,830611.324074249
02C27,NO,02,AB42 2,QBC27,,412125.339555037,845197.436956393
22C15,NO,22,KA20 4,QYC15,,227248.858133822,642613.173123952
10C24,NO,10,KA6 7 (part),QKC24,,244285.715123156,618293.832894398
28C12,NO,28,KA7 1,REC12,,233467.275037457,621847.700821007
28C20,NO,28,KA9 2,REC20,,235586.920894438,626190.421501218
10C01,NO,10,KA1 1,QKC01,,242143.316102454,637124.798993364
22C14,NO,22,KA20 3,QYC14,,227829.750389411,642559.085566084
08C15,NO,08,DG2 7,QHC15,,296793.828012858,575405.720961463
08C02,NO,08,DG1 2,QHC02,,297677.449895055,575874.40378145
04C24,NO,04,PA34 4,QDC24,,170688.874905626,708381.512833132
04C24,NO,04,PA34 4,QDC24,,176220.681695725,713088.28936707
04C24,NO,04,PA34 4,QDC24,,173748.068872891,717088.200114585
04C25,NO,04,PA34 5 (part),QDC25,,186621.294029644,730060.3234407
32C10,NO,32,HS9 5,RJC10,,66516.238151878,797951.235933585
04C45,NO,04,PA69 6,QDC45,,143754.66456668,735614.966111628
19C11,NO,19,PA16 8,QUC11,,227206.494922006,676175.431570751
19C11,NO,19,PA16 8,QUC11,,227097.788287803,677352.932846286
22C23,NO,22,KA25 6,QYC23,,231333.373403328,653782.173390366
17C81,NO,17,G46 7 (part),QSC81,,253982.048594792,658347.767923757
13C04,NO,13,G46 8 (part),QNC04,,254624.23422814,659576.094069371
13C01,NO,13,G44 3 (part),QNC01,,257675.218290074,658845.275024705
29C21,NO,29,G75 8,RFC21,,263362.13997476,652253.297062767
29C19,NO,29,G74 5,RFC19,,260889.910774433,655631.1851676
17C103,NO,17,G76 9 (part),QSC103,,259602.773743391,657304.255396062
17C80,NO,17,G45 9,QSC80,,259721.649230897,659014.403174437
17C93,NO,17,G52 4 (part),QSC93,,251606.858204835,664705.225762577
17C67,NO,17,G41 3,QSC67,,257074.874759074,661794.366651124
17C66,NO,17,G41 2,QSC66,,257782.764011498,661714.614933206
17C66,NO,17,G41 2,QSC66,,257713.312554464,662867.811789543
17C69,NO,17,G41 5,QSC69,,257641.2898111,662970.041026065
17C65,NO,17,G41 1,QSC65,,257187.670872926,664138.630897916
07C01,NO,07,G14 0 (part),QGC01,,250870.85253803,668947.768032312
17C14,NO,17,G13 4 (part),QSC14,,251693.493849779,669397.518950545
17C88,NO,17,G51 3,QSC88,,254991.864292908,665215.495589987
17C87,NO,17,G51 2,QSC87,,255717.686830119,664996.333679492
17C23,NO,17,G2 7,QSC23,,258218.704831192,665316.424667125
17C05,NO,17,G11 5,QSC05,,255843.446343586,666880.197290196
17C22,NO,17,G2 4,QSC22,,258142.578674561,665811.972922011
17C39,NO,17,G3 7,QSC39,,257554.676496913,665959.176379109
17C21,NO,17,G2 3,QSC21,,258239.049379902,665959.669312135
17C09,NO,17,G12 8,QSC09,,256999.025491667,666958.82546667
17C38,NO,17,G3 6,QSC38,,258361.784455377,666736.637772328
17C16,NO,17,G14 9,QSC16,,253645.693708358,667604.849077076
17C07,NO,17,G11 7,QSC07,,254932.341084846,667229.314167303
17C97,NO,17,G61 1 (part),QSC97,,255170.485173058,669680.788443161
17C10,NO,17,G12 9,QSC10,,255992.31506888,667411.212405715
17C26,NO,17,G20 6,QSC26,,257638.926907351,667327.647037384
17C73,NO,17,G42 9,QSC73,,258256.75136463,661686.242646551
29C03,NO,29,G44 4 (part),RFC03,,260152.82347563,661005.49337296
17C59,NO,17,G4 0,QSC59,,260075.019748945,664872.057491827
29C11,NO,29,G73 2,RFC11,,261007.878716463,661033.679770681
29C12,NO,29,G73 3,RFC12,,262220.447007529,661007.302224287
17C72,NO,17,G42 8,QSC72,,258626.036103761,662340.392438245
17C71,NO,17,G42 7,QSC71,,258696.683592356,663044.945313939
17C65,NO,17,G41 1,QSC65,,258361.355285987,663521.702260056
17C63,NO,17,G40 3,QSC63,,261499.46644537,663734.955868935
17C62,NO,17,G40 2,QSC62,,260720.082899122,664449.830469902
17C44,NO,17,G31 4,QSC44,,262620.850015022,663607.18655571
17C44,NO,17,G31 4,QSC44,,261700.557395679,664325.879699327
17C45,NO,17,G31 5,QSC45,,262624.058999569,664370.865463634
17C84,NO,17,G5 8,QSC84,,258109.810571966,664293.259226392
17C24,NO,17,G2 8,QSC24,,258448.227721708,665066.245478722
17C85,NO,17,G5 9,QSC85,,258844.412584124,664209.202546292
17C61,NO,17,G40 1,QSC61,,260322.781222507,663775.085287459
17C04,NO,17,G1 5,QSC04,,259667.465734867,664608.655409583
17C100,NO,17,G69 7 (part),QSC100,,267374.271256462,663473.423395323
17C20,NO,17,G2 1,QSC20,,258712.812261757,665555.296666688
17C03,NO,17,G1 4,QSC03,,259037.40615957,664989.997349806
17C01,NO,17,G1 1,QSC01,,259634.947079387,665119.118106418
17C60,NO,17,G4 9,QSC60,,258696.562108994,666749.49481994
17C02,NO,17,G1 2,QSC02,,259414.879864545,665516.553696845
17C41,NO,17,G31 1,QSC41,,261351.467487804,664872.355836747
17C42,NO,17,G31 2,QSC42,,260995.150716186,665388.119297536
17C27,NO,17,G20 7,QSC27,,258062.309490059,667590.463837788
17C33,NO,17,G21 4,QSC33,,261229.185011837,667461.792263214
18C31,NO,18,IV40 8,QTC31,,188128.135371638,825847.822512683
17C98,NO,17,G64 1 (part),QSC98,,261283.879223241,669256.140091518
17C98,NO,17,G64 1 (part),QSC98,,262270.72288163,669361.576704894
17C47,NO,17,G32 6,QSC47,,263643.051416291,664932.388647352
17C54,NO,17,G33 4,QSC54,,266156.239531023,665256.658104394
17C56,NO,17,G33 6 (part),QSC56,,264588.85053081,668187.15879584
19C07,NO,19,PA15 3,QUC07,,228949.093282595,674726.498879763
26C25,NO,26,PA8 6,RCC25,,245931.059695093,670647.139782572
21C19,NO,21,IV36 1,QXC19,,303258.471994522,857543.784023668
07C13,NO,07,G82 5 (part),QGC13,,237938.845047333,675989.282547753
17C17,NO,17,G15 6,QSC17,,252400.220674706,670430.345909905
17C18,NO,17,G15 7,QSC18,,252518.485909029,671576.249724079
11C03,NO,11,G61 3,QLC03,,254703.872091652,672877.148828413
30C21,NO,30,G63 0 (part),RGC21,,239984.980677124,690907.740470482
11C07,NO,11,G62 8 (part),QLC07,,255839.896009262,674981.289962874
11C10,NO,11,G64 3,QLC10,,261034.31383099,671381.793865508
23C04,NO,23,G66 5 (part),QZC04,,265817.466028808,670620.196196158
11C17,NO,11,G66 5 (part),QLC17,,266179.555256431,671451.901710539
04C23,NO,04,PA33 1,QDC23,,210797.238343137,725853.87582965
30C21,NO,30,G63 0 (part),RGC21,,238644.867299252,691203.744787789
04C03,NO,04,G83 8 (part),QDC03,,238096.560050944,693388.582143854
29C34,NO,29,ML3 9,RFC34,,269254.197016294,654444.481255237
23C18,NO,23,ML1 1,QZC18,,276732.151616306,655902.837252034
23C17,NO,23,G71 7 (part),QZC17,,269117.1465036,661568.676544779
23C12,NO,23,G69 7 (part),QZC12,,270052.207899629,664044.850744904
14C73,NO,14,EH9 2,QPC73,,326553.213930428,672093.692055148
23C30,NO,23,ML5 1,QZC30,,272498.575309828,664906.589016642
23C32,NO,23,ML5 3,QZC32,,273874.780060798,665005.86252447
31C23,NO,31,ML7 5 (part),RHC23,,291036.854537931,664623.396004775
31C05,NO,31,EH47 8,RHC05,,294738.459273288,662598.238273095
31C18,NO,31,EH54 7,RHC18,,303079.161527492,668288.213198406
31C15,NO,31,EH53 0 (part),RHC15,,306861.24119497,666866.800488165
31C15,NO,31,EH53 0 (part),RHC15,,306736.559129187,669306.033539037
11C12,NO,11,G65 9 (part),QLC12,,269765.532304268,675383.742570939
15C14,NO,15,FK3 0,QQC14,,293081.978129331,680334.178032094
16C21,NO,16,KY12 9 (part),QRC21,,300388.445000248,689527.951548879
14C22,NO,14,EH14 3,QPC22,,319949.634291314,669407.152362388
14C19,NO,14,EH13 9,QPC19,,323288.617565279,669038.146102483
14C56,NO,14,EH4 8,QPC56,,318369.698941363,674781.379185056
14C48,NO,14,EH30 9 (part),QPC48,,318870.800468994,676854.216437854
14C08,NO,14,EH11 1,QPC08,,323460.64079143,672031.986464238
14C09,NO,14,EH11 2,QPC09,,323126.774299174,672527.147081123
14C45,NO,14,EH3 7,QPC45,,324277.888098055,673711.512967433
14C74,NO,14,EH9 3,QPC74,,326222.436902509,670698.815244497
14C04,NO,14,EH10 4,QPC04,,324661.443041898,671795.59710395
14C72,NO,14,EH9 1,QPC72,,325835.453054635,672202.456066904
14C46,NO,14,EH3 8,QPC46,,324380.718161858,673016.311168638
14C71,NO,14,EH8 9,QPC71,,326244.280717891,673000.387283391
14C02,NO,14,EH1 2,QPC02,,325160.273944432,673455.359565782
14C38,NO,14,EH2 4,QPC38,,324717.596747456,673824.2811105
14C44,NO,14,EH3 6,QPC44,,325065.789124439,674427.126099153
14C37,NO,14,EH2 3,QPC37,,325022.539334936,673950.314561369
14C01,NO,14,EH1 1,QPC01,,325887.293989458,673544.432253556
14C36,NO,14,EH2 2,QPC36,,325378.336322275,673867.770250359
16C40,NO,16,KY6 1,QRC40,,326026.765816983,701254.790635572
14C35,NO,14,EH2 1,QPC35,,325299.236232879,674189.216525515
14C03,NO,14,EH1 3,QPC03,,325924.795747289,674369.886972997
14C67,NO,14,EH7 5,QPC67,,326829.711574697,674554.086477399
14C52,NO,14,EH4 4,QPC52,,321943.915526296,676077.836392275
14C58,NO,14,EH5 2,QPC58,,323467.992325237,676172.095833838
14C43,NO,14,EH3 5,QPC43,,324657.299650517,675328.360645168
14C66,NO,14,EH7 4,QPC66,,325760.118536232,675330.008147536
14C62,NO,14,EH6 5,QPC62,,326409.414376607,675809.107746271
14C59,NO,14,EH5 3,QPC59,,324734.419760897,676546.02138799
14C61,NO,14,EH6 4,QPC61,,325795.363213107,676534.001578836
14C65,NO,14,EH6 8,QPC65,,327225.745824115,675440.600015085
16C32,NO,16,KY3 0,QRC32,,318919.148775004,682548.425336361
16C33,NO,16,KY3 9,QRC33,,326905.653420548,686912.650947729
14C39,NO,14,EH21 8 (part),QPC39,,331993.709807959,671831.86710997
06C01,NO,06,FK10 1,QFC01,,287110.373690401,691820.752335659
16C35,NO,16,KY4 8,QRC35,,317777.139559279,692822.324560813
09C10,NO,09,DD2 5 (part),QJC10,,335486.958256802,730393.873684118
09C04,NO,09,DD1 4,QJC04,,339736.767402264,729757.110720569
09C05,NO,09,DD1 5,QJC05,,339289.152237344,730321.595592669
09C01,NO,09,DD1 1,QJC01,,340033.668417809,730390.657148139
09C03,NO,09,DD1 3,QJC03,,341025.323007499,730461.643589989
09C02,NO,09,DD1 2,QJC02,,340494.076132324,730787.85674459
04C29,NO,04,PA38 4 (part),QDC29,,191714.721028276,749139.644006768
09C09,NO,09,DD2 4,QJC09,,335898.15199112,731473.083084972
09C13,NO,09,DD3 7,QJC13,,340385.043806953,731620.94129941
09C11,NO,09,DD3 0 (part),QJC11,,339565.063184518,733643.617909298
32C08,NO,32,HS7 5,RJC08,,83241.6938024141,847243.294574441
32C08,NO,32,HS7 5,RJC08,,84613.2776955804,846067.247027194
32C08,NO,32,HS7 5,RJC08,,80286.5667854368,856972.78403775
32C08,NO,32,HS7 5,RJC08,,84410.5690499596,855195.433268275
18C32,NO,18,IV41 8,QTC32,,174739.921936246,827154.198324214
18C20,NO,18,IV21 2,QTC20,,178142.514108094,873990.109831068
21C21,NO,21,IV36 3,QXC21,,304315.686366078,859255.279149184
21C19,NO,21,IV36 1,QXC19,,305017.512506792,859281.021310799
21C15,NO,21,IV30 6,QXC15,,319989.789171388,862984.645113479
18C61,NO,18,KW14 8,QTC61,,311855.979192741,968533.782131516
24C01,NO,24,KW15 1,RAC01,,337921.067499794,1013486.28081609
02C01,NO,02,AB12 3 (part),QBC01,,393864.313306809,797424.442196894
01C14,NO,01,AB15 5,QAC14,,391705.761989974,806574.776355283
01C13,NO,01,AB15 4,QAC13,,392592.875025286,806392.270300876
01C02,NO,01,AB10 6,QAC02,,393382.32854271,804552.360024243
01C06,NO,01,AB11 7,QAC06,,393882.816863131,804787.327062342
01C32,NO,01,AB25 1,QAC32,,393020.463055179,806018.04912684
01C01,NO,01,AB10 1,QAC01,,393214.096866625,805978.07375595
01C32,NO,01,AB25 1,QAC32,,393727.73098458,806647.464214707
01C05,NO,01,AB11 6,QAC05,,393907.289699893,805603.252120782
01C01,NO,01,AB10 1,QAC01,,394111.988500902,806395.12520913
01C21,NO,01,AB16 7,QAC21,,390686.45807601,808521.428070332
01C30,NO,01,AB24 4,QAC30,,392245.445500264,808449.756656957
01C29,NO,01,AB24 3,QAC29,,393743.721586569,807951.350645749
01C34,NO,01,AB25 3,QAC34,,393027.954571166,807380.515838201
01C27,NO,01,AB24 1,QAC27,,394635.774367936,808706.440633171
02C53,NO,02,AB54 8,QBC53,,352673.353169269,839949.282741981
02C28,NO,02,AB42 3,QBC28,,408827.722844856,836440.785101303
02C28,NO,02,AB42 3,QBC28,,412027.93838764,847309.73176409
24C03,NO,24,KW17 2,RAC03,,366547.074656324,1029577.90311174
27C02,NO,27,ZE2 9,RDC02,,468952.537185459,1172045.01267967
